date,time,market,direction,entry,exit,points,size,gbp
2025-08-01,07:25,nikkei,BUY,40570.0,40550.0,-20.0,0.15,-3.0
2025-08-04,07:55,hangseng,SELL,24793.179269,24816.248289,-23.1,0.2,-4.61
2025-08-06,07:55,hangseng,BUY,24909.527373,24921.563384,12.0,0.2,2.41
2025-08-11,07:55,hangseng,SELL,24959.677418,24939.6174,20.1,0.2,4.01
2025-08-12,07:55,hangseng,SELL,25007.821461,25049.947499,-42.1,0.2,-8.43
2025-08-13,07:00,ftse,BUY,9211.723494,9212.728812,1.0,0.88,0.88
2025-08-13,13:45,ftse,BUY,9217.755399,9222.279327,4.5,0.8,3.62
2025-08-14,09:20,cac,BUY,7833.5,7854.8,21.3,1.0,21.3
2025-08-15,06:15,ftse,BUY,9245.904286,9264.0,18.1,0.88,15.92
2025-08-15,08:45,dax,BUY,24468.0,24410.0,-58.0,0.4,-23.2
2025-08-15,10:30,dax,BUY,24421.0,24418.0,-3.0,0.37,-1.11
2025-08-15,12:00,ftse,BUY,9213.734129,9215.242105,1.5,0.8,1.21
2025-08-18,04:15,dax,BUY,24335.0,24348.0,13.0,0.4,5.2
2025-08-18,07:40,dax,BUY,24331.0,24334.0,3.0,0.4,1.2
2025-08-18,11:00,dax,BUY,24337.0,24370.0,33.0,0.37,12.21
2025-08-19,08:50,ftse,BUY,9259.476072,9260.481389,1.0,0.8,0.8
2025-08-19,10:00,ftse,BUY,9258.973413,9262.492024,3.5,0.8,2.81
2025-08-19,20:55,ftse,BUY,9256.962778,9257.968095,1.0,0.8,0.8
2025-08-20,07:00,hangseng,SELL,25216.445649,25202.403636,14.0,0.2,2.81
2025-08-20,08:50,dax,BUY,24359.0,24299.0,-60.0,0.37,-22.2
2025-08-20,10:35,dax,BUY,24311.0,24312.0,1.0,0.37,0.37
2025-08-20,11:35,cac,BUY,7989.0,7989.0,0.0,1.0,0.0
2025-08-20,12:55,dax,BUY,24307.0,24312.0,5.0,0.4,2.0
2025-08-21,06:15,hangseng,BUY,25168.301605,25175.322612,7.0,0.2,1.4
2025-08-21,06:45,dax,BUY,24287.0,24227.0,-60.0,0.4,-24.0
2025-08-21,07:55,hangseng,BUY,25180.337616,25169.304606,-11.0,0.2,-2.21
2025-08-21,08:40,dax,BUY,24253.0,24265.0,12.0,0.4,4.8
2025-08-21,09:30,dax,BUY,24271.0,24328.0,57.0,0.37,21.09
2025-08-22,09:20,dax,BUY,24335.0,24430.0,95.0,0.4,38.0
2025-08-22,14:05,ftse,BUY,9402.733804,9408.263049,5.5,0.8,4.42
2025-08-25,03:50,dax,BUY,24287.0,24313.0,26.0,0.4,10.4
2025-08-25,08:30,cac,BUY,7930.5,7948.0,17.5,1.1,19.25
2025-08-25,11:50,dax,BUY,24299.0,24330.0,31.0,0.37,11.47
2025-08-25,20:55,cac,BUY,7847.0,7832.5,-14.5,1.0,-14.5
2025-08-26,05:30,hangseng,BUY,25647.736036,25725.970106,78.2,0.2,15.65
2025-08-26,07:25,nikkei,BUY,42305.0,42310.0,5.0,0.15,0.75
2025-08-27,07:55,hangseng,BUY,25177.847115,25132.559597,-45.3,0.2,-9.06
2025-08-28,07:55,hangseng,SELL,25065.131515,25084.252912,-19.1,0.2,-3.82
2025-08-29,04:30,hangseng,BUY,25211.057961,25119.476537,-91.6,0.2,-18.32
2025-08-29,05:00,ftse,BUY,9258.973413,9260.481389,1.5,0.88,1.33
2025-08-29,06:05,hangseng,BUY,25185.898229,25279.492433,93.6,0.2,18.72
2025-08-29,07:25,nikkei,BUY,42440.0,42430.0,-10.0,0.15,-1.5
2025-09-01,20:40,ftse,BUY,9266.513294,9274.053174,7.5,0.88,6.64
2025-09-02,05:40,nikkei,BUY,42160.0,42000.0,-160.0,0.15,-24.0
2025-09-02,07:40,hangseng,BUY,25517.000304,25410.32304,-106.7,0.2,-21.34
2025-09-03,08:10,ftse,SELL,9214.236788,9202.675638,11.6,0.88,10.17
2025-09-03,20:55,cac,SELL,7724.5,7734.5,-10.0,1.1,-11.0
2025-09-04,06:50,cac,BUY,7708.0,7717.5,9.5,1.1,10.45
2025-09-04,09:45,ftse,SELL,9261.486706,9295.16484,-33.7,0.88,-29.64
2025-09-08,11:55,cac,SELL,7726.5,7730.5,-4.0,1.1,-4.4
2025-09-08,20:55,cac,SELL,7729.0,7736.0,-7.0,1.1,-7.7
2025-09-09,07:25,nikkei,BUY,43305.0,43250.0,-55.0,0.15,-8.25
2025-09-09,08:30,ftse,SELL,9292.651546,9293.154205,-0.5,0.88,-0.44
2025-09-12,07:25,nikkei,BUY,44555.0,44540.0,-15.0,0.15,-2.25
2025-09-16,07:05,hangseng,BUY,26595.849617,26624.028517,28.2,0.2,5.64
2025-09-18,05:45,hangseng,BUY,26761.903849,26820.274427,58.4,0.2,11.67
2025-09-18,07:55,hangseng,BUY,26744.795231,26725.673834,-19.1,0.2,-3.82
2025-09-19,07:30,hangseng,BUY,26693.469377,26698.501324,5.0,0.2,1.01
2025-09-25,04:45,dax,BUY,23685.0,23590.0,-95.0,0.4,-38.0
2025-09-25,07:25,nikkei,BUY,45225.0,45205.0,-20.0,0.15,-3.0
2025-09-26,07:25,nikkei,BUY,45050.0,45185.0,135.0,0.15,20.25
2025-09-29,04:00,dax,BUY,23898.0,23913.0,15.0,0.4,6.0
2025-09-29,04:30,dax,BUY,23936.0,23925.0,-11.0,0.4,-4.4
2025-09-29,09:55,cac,BUY,7891.5,7893.0,1.5,1.1,1.65
2025-09-29,20:00,ftse,BUY,9344.5,9350.0,5.5,0.8,4.4
2025-09-30,04:05,ftse,BUY,9322.0,9325.5,3.5,0.88,3.08
2025-09-30,06:30,nikkei,BUY,44800.0,44830.0,30.0,0.15,4.5
2025-09-30,11:45,cac,BUY,7865.5,7913.5,48.0,1.0,48.0
2025-10-01,04:50,dax,BUY,23951.0,24098.0,147.0,0.4,58.8
2025-10-02,04:00,ftse,BUY,9488.5,9494.5,6.0,0.88,5.28
2025-10-02,05:20,ftse,BUY,9498.0,9500.5,2.5,0.88,2.2
2025-10-02,10:40,ftse,BUY,9490.0,9475.5,-14.5,0.8,-11.6
2025-10-03,07:55,hangseng,BUY,27347.622412,27351.647969,4.0,0.2,0.81
2025-10-03,10:00,dax,BUY,24503.0,24501.0,-2.0,0.4,-0.8
2025-10-03,11:00,dax,BUY,24507.0,24519.0,12.0,0.37,4.44
2025-10-03,13:35,dax,BUY,24476.0,24499.0,23.0,0.37,8.51
2025-10-06,03:45,dax,BUY,24493.0,24503.0,10.0,0.4,4.0
2025-10-06,06:35,cac,BUY,7965.5,7983.0,17.5,1.1,19.25
2025-10-06,08:45,cac,BUY,7978.0,7985.5,7.5,1.0,7.5
2025-10-06,09:50,dax,BUY,24540.0,24551.0,11.0,0.37,4.07
2025-10-06,11:35,ftse,BUY,9524.0,9528.5,4.5,0.8,3.6
2025-10-06,20:55,ftse,BUY,9527.0,9519.5,-7.5,0.88,-6.6
2025-10-07,05:40,dax,BUY,24465.0,24536.0,71.0,0.4,28.4
2025-10-07,08:20,dax,BUY,24552.0,24551.0,-1.0,0.4,-0.4
2025-10-07,10:30,cac,BUY,7998.0,7977.0,-21.0,1.0,-21.0
2025-10-07,11:45,dax,BUY,24495.0,24510.0,15.0,0.37,5.55
2025-10-07,20:15,ftse,BUY,9531.5,9535.0,3.5,0.88,3.08
2025-10-09,10:35,cac,BUY,8069.5,8039.0,-30.5,1.0,-30.5
2025-10-09,14:25,cac,BUY,8045.5,8037.0,-8.5,1.0,-8.5
2025-10-09,20:55,cac,BUY,8037.5,8037.5,0.0,1.0,0.0
2025-10-10,03:55,nikkei,BUY,47715.0,47890.0,175.0,0.15,26.25
2025-10-10,06:50,nikkei,BUY,47600.0,47675.0,75.0,0.15,11.25
2025-10-10,07:15,dax,BUY,24673.0,24724.0,51.0,0.4,20.4
2025-10-10,09:55,cac,BUY,8040.5,7989.0,-51.5,1.0,-51.5
2025-10-10,11:05,ftse,BUY,9474.5,9449.0,-25.5,0.8,-20.4
2025-10-10,13:35,dax,BUY,24397.0,24336.0,-61.0,0.37,-22.57
2025-10-14,04:50,hangseng,BUY,25579.396439,25671.984254,92.6,0.2,18.52
2025-10-14,07:00,nikkei,BUY,46715.0,46840.0,125.0,0.15,18.75
2025-10-14,07:40,hangseng,BUY,25621.664789,25558.262265,-63.4,0.2,-12.68
2025-10-15,04:40,dax,BUY,24357.0,24383.0,26.0,0.4,10.4
2025-10-15,07:30,ftse,BUY,9437.0,9459.0,22.0,0.88,19.36
2025-10-15,10:40,dax,BUY,24324.0,24267.0,-57.0,0.37,-21.09
2025-10-15,12:05,dax,BUY,24266.0,24190.0,-76.0,0.37,-28.12
2025-10-15,20:55,ftse,BUY,9453.0,9447.5,-5.5,0.8,-4.4
2025-10-16,03:25,dax,BUY,24246.0,24230.0,-16.0,0.4,-6.4
2025-10-16,10:40,ftse,BUY,9454.5,9470.5,16.0,0.88,14.08
2025-10-16,13:15,ftse,BUY,9436.0,9403.0,-33.0,0.8,-26.4
2025-10-16,14:20,dax,BUY,24186.0,24154.0,-32.0,0.37,-11.84
2025-10-16,20:50,dax,BUY,24166.0,24099.0,-67.0,0.37,-24.79
2025-10-20,06:25,hangseng,SELL,26024.220503,25981.952153,42.3,0.2,8.45
2025-10-20,08:55,cac,BUY,8190.0,8211.5,21.5,1.1,23.65
2025-10-21,06:40,dax,BUY,24324.0,24416.0,92.0,0.4,36.8
2025-10-21,11:50,ftse,BUY,9465.5,9466.0,0.5,0.8,0.4
2025-10-21,13:15,dax,BUY,24425.0,24430.0,5.0,0.4,2.0
2025-10-21,20:55,ftse,BUY,9458.0,9453.0,-5.0,0.8,-4.0
2025-10-22,05:30,dax,BUY,24374.0,24393.0,19.0,0.4,7.6
2025-10-22,07:25,nikkei,BUY,49100.0,49080.0,-20.0,0.15,-3.0
2025-10-22,09:45,dax,BUY,24351.0,24294.0,-57.0,0.37,-21.09
2025-10-22,10:20,dax,BUY,24317.0,24249.0,-68.0,0.37,-25.16
2025-10-22,11:00,cac,BUY,8224.0,8232.0,8.0,1.0,8.0
2025-10-22,14:50,cac,BUY,8196.5,8212.5,16.0,1.0,16.0
2025-10-24,07:45,hangseng,SELL,26317.079785,26417.718713,-100.6,0.2,-20.13
2025-10-28,11:40,dax,SELL,24394.0,24377.0,17.0,0.4,6.8
2025-11-07,05:15,hangseng,BUY,26344.252296,26237.575031,-106.7,0.2,-21.34
2025-11-07,06:15,hangseng,BUY,26234.555864,26273.805046,39.2,0.2,7.85
2025-11-11,06:25,nikkei,BUY,51065.0,51055.0,-10.0,0.15,-1.5
2025-11-12,19:15,ftse,BUY,9926.0,9930.0,4.0,0.8,3.2
2025-11-13,06:50,dax,BUY,24288.0,24318.0,30.0,0.4,12.0
2025-11-13,08:45,ftse,BUY,9869.0,9872.0,3.0,0.88,2.64
2025-11-13,10:30,ftse,BUY,9868.0,9843.0,-25.0,0.8,-20.0
2025-11-13,12:35,cac,BUY,8234.0,8202.5,-31.5,1.0,-31.5
2025-11-13,18:40,dax,BUY,24037.0,24149.0,112.0,0.4,44.8
2025-11-13,19:25,ftse,BUY,9781.0,9797.0,16.0,0.8,12.8
2025-11-14,06:55,hangseng,BUY,26608.932677,26653.213806,44.3,0.2,8.86
2025-11-14,12:50,cac,SELL,8169.0,8167.0,2.0,1.0,2.0
2025-11-17,06:55,hangseng,BUY,26466.025399,26423.757049,-42.3,0.2,-8.45
2025-11-17,07:55,cac,SELL,8154.0,8128.0,26.0,1.1,28.6
2025-11-17,10:40,ftse,SELL,9713.5,9711.0,2.5,0.8,2.0
2025-11-17,14:15,ftse,SELL,9718.0,9646.5,71.5,0.8,57.2
2025-11-19,05:50,dax,SELL,23242.0,23291.0,-49.0,0.4,-19.6
2025-11-19,10:50,cac,SELL,7974.5,7952.5,22.0,1.0,22.0
2025-11-19,20:55,cac,SELL,7980.5,7980.0,0.5,1.0,0.5
2025-11-20,05:55,hangseng,SELL,26015.163,25982.958543,32.2,0.2,6.44
2025-11-20,06:10,ftse,SELL,9598.5,9579.0,19.5,0.88,17.16
2025-11-20,07:30,dax,SELL,23439.0,23467.0,-28.0,0.4,-11.2
2025-11-20,08:45,ftse,SELL,9599.5,9599.0,0.5,0.88,0.44
2025-11-20,11:00,dax,SELL,23510.0,23217.0,293.0,0.37,108.41
2025-11-21,06:30,cac,SELL,7976.5,7965.5,11.0,1.1,12.1
2025-11-21,07:40,dax,SELL,23201.0,23280.0,-79.0,0.4,-31.6
2025-11-21,08:30,dax,SELL,23259.0,23270.0,-11.0,0.37,-4.07
2025-11-21,09:15,dax,SELL,23245.0,23180.0,65.0,0.37,24.05
2025-11-24,07:25,ftse,BUY,9592.0,9595.5,3.5,0.88,3.08
2025-11-24,09:35,ftse,BUY,9576.5,9590.5,14.0,0.8,11.2
2025-11-24,12:50,ftse,BUY,9552.0,9568.0,16.0,0.8,12.8
2025-11-24,20:55,dax,BUY,23224.0,23234.0,10.0,0.37,3.7
2025-11-25,06:40,dax,SELL,23277.0,23454.0,-177.0,0.4,-70.8
2025-11-25,08:50,ftse,SELL,9595.0,9604.0,-9.0,0.88,-7.92
2025-11-26,06:45,ftse,SELL,9660.0,9627.5,32.5,0.88,28.6
2025-11-26,07:45,ftse,BUY,9640.0,9690.0,50.0,0.88,44.0
2025-11-26,08:40,dax,SELL,23631.0,23700.0,-69.0,0.37,-25.53
2025-11-26,09:45,dax,SELL,23652.0,23714.0,-62.0,0.37,-22.94
2025-11-27,06:25,nikkei,SELL,50170.0,50165.0,5.0,0.15,0.75
2025-11-28,05:00,dax,BUY,23795.0,23791.0,-4.0,0.4,-1.6
2025-12-01,06:55,hangseng,SELL,26166.163399,26165.158323,1.0,0.2,0.2
2025-12-02,06:55,hangseng,SELL,26209.381692,26208.376615,1.0,0.2,0.2
2025-12-04,06:55,hangseng,SELL,26077.716661,26070.681125,7.0,0.2,1.41
2025-12-04,07:00,cac,BUY,8128.5,8129.5,1.0,1.1,1.1
2025-12-04,07:50,ftse,BUY,9727.0,9732.5,5.5,0.88,4.84
2025-12-04,09:35,ftse,BUY,9727.5,9734.5,7.0,0.8,5.6
2025-12-04,20:55,cac,BUY,8129.0,8142.5,13.5,1.0,13.5
2025-12-05,08:35,ftse,BUY,9736.5,9709.5,-27.0,0.88,-23.76
2025-12-05,10:25,ftse,BUY,9716.5,9685.5,-31.0,0.8,-24.8
2025-12-05,11:05,cac,BUY,8126.5,8130.0,3.5,1.0,3.5
2025-12-05,12:15,ftse,BUY,9686.0,9691.5,5.5,0.8,4.4
2025-12-08,06:25,nikkei,BUY,50585.0,50570.0,-15.0,0.15,-2.25
2025-12-12,06:25,nikkei,BUY,50660.0,50745.0,85.0,0.15,12.75
2025-12-12,07:05,ftse,BUY,9739.5,9708.0,-31.5,0.88,-27.72
2025-12-12,08:50,dax,BUY,24335.0,24390.0,55.0,0.4,22.0
2025-12-12,10:05,ftse,BUY,9684.0,9654.5,-29.5,0.8,-23.6
2025-12-12,12:30,ftse,BUY,9652.5,9674.5,22.0,0.8,17.6
2025-12-15,09:00,dax,BUY,24280.0,24225.0,-55.0,0.37,-20.35
2025-12-15,10:30,dax,BUY,24214.0,24240.0,26.0,0.37,9.62
2025-12-15,19:35,dax,BUY,24205.0,24108.0,-97.0,0.37,-35.89
2025-12-16,07:35,ftse,BUY,9732.0,9700.0,-32.0,0.88,-28.16
2025-12-16,11:00,ftse,BUY,9691.0,9696.0,5.0,0.8,4.0
2025-12-16,13:00,dax,BUY,24079.0,24101.0,22.0,0.4,8.8
2025-12-17,06:25,nikkei,SELL,49850.0,49815.0,35.0,0.15,5.25
2025-12-17,07:20,dax,BUY,24102.0,24054.0,-48.0,0.4,-19.2
2025-12-17,09:10,cac,BUY,8088.0,8108.0,20.0,1.1,22.0
2025-12-17,12:45,dax,BUY,23977.0,23921.0,-56.0,0.37,-20.72
2025-12-17,20:55,dax,BUY,23914.0,23895.0,-19.0,0.37,-7.03
2025-12-18,08:45,ftse,BUY,9785.5,9817.5,32.0,0.88,28.16
2025-12-22,06:55,hangseng,SELL,25951.077013,25981.22931,-30.2,0.2,-6.03
2025-12-22,10:30,cac,BUY,8132.0,8130.5,-1.5,1.1,-1.65
2025-12-23,06:50,ftse,BUY,9890.5,9894.0,3.5,0.88,3.08
