,,,,,,,,287.77,55.6701030927835,400,,,,position size,,,,,compund position,,,account
,,,,FTSE,cac,DAX,Hangseng,Nikkei,,,Account,ftse,cac,DAX,Hangseng,Nikkei,ftse,cac,dax,hangseng,nikkei,
,,,pos,0.8,1,0.37,0.2,0.15,,,,0.8,1,0.01,0.2,0.15,,,,,,
,,,profit,114.42,103.89,-171.55,106.27,134.74,,,,,,,,,,,,,,
,,,% win,66.6666666666667,50,48.936170212766,58.3333333333333,45.4545454545455,,,,,,,,,,,,,,
,,,count win,48,34,46,28,25,,,,,,,,,,,,,,
date,time,market,direction,entry,exit,points,size,gbp,winner,,,,,,,,,,,,,
2026-01-06,06:25,nikkei,BUY,52285,52210,-75,0.15,-11.25,FALSE,388.75,400,0.8,1,0.01,0.2,0.15,,,,,-11.25,388.75
2026-01-06,10:30,dax,BUY,25041,25034,-7,0.37,-2.59,FALSE,386.16,,0.8,1,0.01,0.2,0.15,,,-0.07,,,388.68
2026-01-06,12:25,dax,BUY,25036,25080,44,0.37,16.28,TRUE,402.44,,0.8,1,0.01,0.2,0.15,,,0.44,,,389.12
2026-01-07,08:15,ftse,BUY,10090,10059,-31,0.8,-27.28,FALSE,375.16,375.16,0.75032,0.9379,0.009379,0.18758,0.140685,-23.25992,,,,,365.86008
2026-01-07,10:30,ftse,BUY,10053,10058.5,5.5,0.8,4.4,TRUE,379.56,,0.75032,0.9379,0.009379,0.18758,0.140685,4.12676,,,,,369.98684
2026-01-07,19:30,ftse,BUY,10038,10042,4,0.8,3.52,TRUE,383.08,,0.75032,0.9379,0.009379,0.18758,0.140685,3.00128,,,,,372.98812
2026-01-07,20:55,cac,BUY,8248.5,8248.5,0,1,0,FALSE,383.08,,0.75032,0.9379,0.009379,0.18758,0.140685,,0,,,,372.98812
2026-01-08,07:30,cac,BUY,8220.5,8219.5,-1,1,-1.1,FALSE,381.98,381.98,0.76396,0.95495,0.0095495,0.19099,0.1432425,,-0.95495,,,,372.03317
2026-01-08,09:20,dax,BUY,25215,25270,55,0.37,20.35,TRUE,402.33,,0.76396,0.95495,0.0095495,0.19099,0.1432425,,,0.5252225,,,372.5583925
2026-01-12,10:55,cac,BUY,8350,8361.5,11.5,1,11.5,TRUE,413.83,413.83,0.82766,1.034575,0.01034575,0.206915,0.15518625,,11.8976125,,,,384.456005
2026-01-12,14:00,ftse,BUY,10137,10145,8,0.8,7.04,TRUE,420.87,,0.82766,1.034575,0.01034575,0.206915,0.15518625,6.62128,,,,,391.077285
2026-01-13,06:30,dax,BUY,25485,25531,46,0.37,18.4,TRUE,439.27,439.27,0.87854,1.098175,0.01098175,0.219635,0.16472625,,,0.5051605,,,391.5824455
2026-01-13,09:00,ftse,BUY,10135,10104,-31,0.8,-24.8,FALSE,414.47,,0.87854,1.098175,0.01098175,0.219635,0.16472625,-27.23474,,,,,364.3477055
2026-01-13,10:10,cac,BUY,8335,8350,15,1,15,TRUE,429.47,,0.87854,1.098175,0.01098175,0.219635,0.16472625,,16.472625,,,,380.8203305
2026-01-13,11:30,dax,BUY,25547,25568,21,0.37,7.77,TRUE,437.24,,0.87854,1.098175,0.01098175,0.219635,0.16472625,,,0.23061675,,,381.05094725
2026-01-13,14:30,dax,BUY,25557,25491,-66,0.37,-26.4,FALSE,410.84,,0.87854,1.098175,0.01098175,0.219635,0.16472625,,,-0.7247955,,,380.32615175
2026-01-14,06:55,hangseng,BUY,26905.812666,26892.802118,-13,0.2,-2.6,FALSE,408.24,408.24,0.81648,1.0206,0.010206,0.20412,0.15309,,,,-2.65356,,377.67259175
2026-01-14,09:00,dax,BUY,25471,25438,-33,0.37,-13.2,FALSE,395.04,,0.81648,1.0206,0.010206,0.20412,0.15309,,,-0.336798,,,377.33579375
2026-01-14,10:10,ftse,BUY,10170,10173,3,0.8,2.4,TRUE,397.44,,0.81648,1.0206,0.010206,0.20412,0.15309,2.44944,,,,,379.78523375
2026-01-14,12:45,cac,BUY,8337.5,8331.5,-6,1,-6,FALSE,391.44,,0.81648,1.0206,0.010206,0.20412,0.15309,,-6.1236,,,,373.66163375
2026-01-14,13:25,dax,BUY,25389,25383,-6,0.37,-2.4,FALSE,389.04,,0.81648,1.0206,0.010206,0.20412,0.15309,,,-0.061236,,,373.60039775
2026-01-15,05:00,cac,BUY,8307.5,8307,-0.5,1,-0.55,FALSE,388.49,388.49,0.77698,0.971225,0.00971225,0.194245,0.14568375,,-0.4856125,,,,373.11478525
2026-01-15,06:55,cac,BUY,8305,8313,8,1,8.8,TRUE,397.29,,0.77698,0.971225,0.00971225,0.194245,0.14568375,,7.7698,,,,380.88458525
2026-01-15,09:10,ftse,BUY,10236,10244,8,0.8,7.04,TRUE,404.33,,0.77698,0.971225,0.00971225,0.194245,0.14568375,6.21584,,,,,387.10042525
2026-01-15,10:30,cac,BUY,8316.2,8309.5,-6.7,1,-6.7,FALSE,397.63,,0.77698,0.971225,0.00971225,0.194245,0.14568375,,-6.5072075,,,,380.59321775
2026-01-15,12:45,ftse,BUY,10233,10239.5,6.5,0.8,5.2,TRUE,402.83,,0.77698,0.971225,0.00971225,0.194245,0.14568375,5.05037,,,,,385.64358775
2026-01-15,19:20,dax,BUY,25378,25400,22,0.37,8.14,TRUE,410.97,,0.77698,0.971225,0.00971225,0.194245,0.14568375,,,0.2136695,,,385.85725725
2026-01-16,07:20,dax,BUY,25408,25408,0,0.37,0,FALSE,410.97,410.97,0.82194,1.027425,0.01027425,0.205485,0.15411375,,,0,,,385.85725725
2026-01-16,11:00,ftse,BUY,10236.5,10240.5,4,0.8,3.52,TRUE,414.49,,0.82194,1.027425,0.01027425,0.205485,0.15411375,3.28776,,,,,389.14501725
2026-01-20,05:30,ftse,BUY,10065.5,10078,12.5,0.8,11,TRUE,425.49,425.49,0.85098,1.063725,0.01063725,0.212745,0.15955875,10.63725,,,,,399.78226725
2026-01-20,06:25,nikkei,BUY,52255,52260,5,0.15,0.75,TRUE,426.24,,0.85098,1.063725,0.01063725,0.212745,0.15955875,,,,,0.79779375,400.580061
2026-01-23,06:25,nikkei,BUY,53500,53470,-30,0.15,-4.5,FALSE,421.74,421.74,0.84348,1.05435,0.0105435,0.21087,0.1581525,,,,,-4.744575,395.835486
2026-01-23,06:55,hangseng,BUY,26751.687716,26760.695019,9,0.2,1.8,TRUE,423.54,,0.84348,1.05435,0.0105435,0.21087,0.1581525,,,,1.89783,,397.733316
2026-01-26,06:25,nikkei,BUY,52440,52675,235,0.15,35.25,TRUE,458.79,458.79,0.91758,1.146975,0.01146975,0.229395,0.17204625,,,,,40.43086875,438.16418475
2026-01-30,05:45,hangseng,BUY,27336.507215,27428.223734,91.7,0.2,18.34,TRUE,477.13,477.13,0.95426,1.192825,0.01192825,0.238565,0.17892375,,,,21.8764105,,460.04059525
2026-02-05,06:35,hangseng,SELL,26789.198858,26688.510071,100.7,0.2,20.14,TRUE,497.27,497.27,0.99454,1.243175,0.01243175,0.248635,0.18647625,,,,25.0375445,,485.07813975
2026-02-06,06:55,hangseng,SELL,26650.627161,26663.587104,-13,0.2,-2.59,FALSE,494.68,494.68,0.98936,1.2367,0.012367,0.24734,0.185505,,,,-3.21542,,481.86271975
2026-02-09,06:00,nikkei,BUY,56345,56225,-120,0.15,-18,FALSE,476.68,476.68,0.95336,1.1917,0.011917,0.23834,0.178755,,,,,-21.4506,460.41211975
2026-02-09,06:25,nikkei,BUY,56335,56365,30,0.15,4.5,TRUE,481.18,,0.95336,1.1917,0.011917,0.23834,0.178755,,,,,5.36265,465.77476975
2026-02-11,05:40,dax,BUY,24973,25010,37,0.37,14.8,TRUE,495.98,495.98,0.99196,1.23995,0.0123995,0.24799,0.1859925,,,0.4587815,,,466.23355125
2026-02-11,11:55,dax,BUY,24944,24958,14,0.37,5.18,TRUE,501.16,,0.99196,1.23995,0.0123995,0.24799,0.1859925,,,0.173593,,,466.40714425
2026-02-11,13:30,dax,BUY,24964,25013,49,0.37,19.6,TRUE,520.76,,0.99196,1.23995,0.0123995,0.24799,0.1859925,,,0.6075755,,,467.01471975
2026-02-12,06:30,cac,BUY,8376,8390.5,14.5,1,15.95,TRUE,536.71,536.71,1.07342,1.341775,0.01341775,0.268355,0.20126625,,19.4557375,,,,486.47045725
2026-02-12,10:00,ftse,BUY,10449.5,10418,-31.5,0.8,-27.72,FALSE,508.99,,1.07342,1.341775,0.01341775,0.268355,0.20126625,-33.81273,,,,,452.65772725
2026-02-12,13:25,dax,BUY,24922,25004,82,0.37,30.34,TRUE,539.33,,1.07342,1.341775,0.01341775,0.268355,0.20126625,,,1.1002555,,,453.75798275
2026-02-12,20:55,dax,BUY,24963,25015,52,0.37,19.24,TRUE,558.57,,1.07342,1.341775,0.01341775,0.268355,0.20126625,,,0.697723,,,454.45570575
2026-02-13,06:30,cac,BUY,8314.5,8313.5,-1,1,-1.1,FALSE,557.47,557.47,1.11494,1.393675,0.01393675,0.278735,0.20905125,,-1.393675,,,,453.06203075
2026-02-13,07:55,ftse,BUY,10361,10362.5,1.5,0.8,1.32,TRUE,558.79,,1.11494,1.393675,0.01393675,0.278735,0.20905125,1.67241,,,,,454.73444075
2026-02-13,09:45,ftse,BUY,10370,10405,35,0.8,28,TRUE,586.79,,1.11494,1.393675,0.01393675,0.278735,0.20905125,39.0229,,,,,493.75734075
2026-02-13,11:25,cac,BUY,8311,8324.5,13.5,1,13.5,TRUE,600.29,,1.11494,1.393675,0.01393675,0.278735,0.20905125,,18.8146125,,,,512.57195325
2026-02-16,06:55,hangseng,SELL,26478.160228,26478.160228,0,0.2,0,FALSE,600.29,600.29,1.20058,1.500725,0.01500725,0.300145,0.22510875,,,,0,,512.57195325
2026-02-16,09:20,ftse,BUY,10436.5,10449,12.5,0.8,10,TRUE,610.29,,1.20058,1.500725,0.01500725,0.300145,0.22510875,15.00725,,,,,527.57920325
2026-02-16,10:00,dax,BUY,24921,24856,-65,0.37,-24.05,FALSE,586.24,,1.20058,1.500725,0.01500725,0.300145,0.22510875,,,-0.97547125,,,526.603732
2026-02-16,12:35,dax,BUY,24855,24885,30,0.37,11.1,TRUE,597.34,,1.20058,1.500725,0.01500725,0.300145,0.22510875,,,0.4502175,,,527.0539495
2026-02-16,19:25,ftse,BUY,10432.5,10438,5.5,0.8,4.4,TRUE,601.74,,1.20058,1.500725,0.01500725,0.300145,0.22510875,6.60319,,,,,533.6571395
2026-02-17,06:20,nikkei,BUY,56795,56835,40,0.15,6,TRUE,607.74,607.74,1.21548,1.51935,0.0151935,0.30387,0.2279025,,,,,9.1161,542.7732395
2026-02-18,09:05,cac,BUY,8387,8420,33,1,33,TRUE,640.74,640.74,1.28148,1.60185,0.0160185,0.32037,0.2402775,,52.86105,,,,595.6342895
2026-02-19,09:50,dax,BUY,25079,25062,-17,0.37,-6.29,FALSE,634.45,634.45,1.2689,1.586125,0.01586125,0.317225,0.23791875,,,-0.26964125,,,595.36464825
2026-02-19,10:35,dax,BUY,25059,25068,9,0.37,3.33,TRUE,637.78,,1.2689,1.586125,0.01586125,0.317225,0.23791875,,,0.14275125,,,595.5073995
2026-02-19,19:20,dax,BUY,25071,25113,42,0.37,15.54,TRUE,653.32,,1.2689,1.586125,0.01586125,0.317225,0.23791875,,,0.6661725,,,596.173572
2026-02-23,12:40,ftse,BUY,10664,10679,15,0.8,12,TRUE,665.32,665.32,1.33064,1.6633,0.016633,0.33266,0.249495,19.9596,,,,,616.133172
2026-02-23,14:50,ftse,BUY,10670.5,10672,1.5,0.8,1.2,TRUE,666.52,,1.33064,1.6633,0.016633,0.33266,0.249495,1.99596,,,,,618.129132
2026-02-25,06:55,hangseng,SELL,26672.559372,26770.257403,-97.7,0.2,-19.54,FALSE,646.98,646.98,1.29396,1.61745,0.0161745,0.32349,0.2426175,,,,-31.604973,,586.524159
2026-02-25,10:50,cac,BUY,8569,8577,8,1,8,TRUE,654.98,,1.29396,1.61745,0.0161745,0.32349,0.2426175,,12.9396,,,,599.463759
2026-02-26,10:35,ftse,BUY,10792,10826,34,0.8,27.2,TRUE,682.18,682.18,1.36436,1.70545,0.0170545,0.34109,0.2558175,46.38824,,,,,645.851999
2026-02-27,07:25,cac,BUY,8622,8588.5,-33.5,1,-36.85,FALSE,645.33,645.33,1.29066,1.613325,0.01613325,0.322665,0.24199875,,-54.0463875,,,,591.8056115
2026-02-27,09:30,dax,BUY,25276,25299,23,0.37,9.2,TRUE,654.53,,1.29066,1.613325,0.01613325,0.322665,0.24199875,,,0.37106475,,,592.17667625
2026-02-27,11:20,dax,BUY,25306,25245,-61,0.37,-22.57,FALSE,631.96,,1.29066,1.613325,0.01613325,0.322665,0.24199875,,,-0.98412825,,,591.192548
2026-02-27,14:35,cac,BUY,8560,8557,-3,1,-3,FALSE,628.96,,1.29066,1.613325,0.01613325,0.322665,0.24199875,,-4.839975,,,,586.352573
2026-03-02,03:50,nikkei,BUY,57495,57490,-5,0.15,-0.75,FALSE,628.21,628.21,1.25642,1.570525,0.01570525,0.314105,0.23557875,,,,,-1.17789375,585.17467925
2026-03-02,06:10,nikkei,BUY,57530,57370,-160,0.15,-24,FALSE,604.21,,1.25642,1.570525,0.01570525,0.314105,0.23557875,,,,,-37.6926,547.48207925
2026-03-04,06:45,cac,SELL,8189,8180.5,8.5,1,9.35,TRUE,613.56,613.56,1.22712,1.5339,0.015339,0.30678,0.230085,,13.03815,,,,560.52022925
2026-03-05,03:55,dax,SELL,24218,24294,-76,0.37,-30.4,FALSE,583.16,583.16,1.16632,1.4579,0.014579,0.29158,0.218685,,,-1.108004,,,559.41222525
2026-03-05,06:55,cac,BUY,8188.5,8158,-30.5,1,-33.55,FALSE,549.61,,1.16632,1.4579,0.014579,0.29158,0.218685,,-44.46595,,,,514.94627525
2026-03-05,08:15,ftse,BUY,10507.5,10476.5,-31,0.8,-27.28,FALSE,522.33,,1.16632,1.4579,0.014579,0.29158,0.218685,-36.15592,,,,,478.79035525
2026-03-05,09:30,dax,BUY,23996,23933,-63,0.37,-23.31,FALSE,499.02,,1.16632,1.4579,0.014579,0.29158,0.218685,,,-0.918477000000001,,,477.87187825
2026-03-05,11:40,dax,BUY,23834,23776,-58,0.37,-21.46,FALSE,477.56,,1.16632,1.4579,0.014579,0.29158,0.218685,,,-0.845582000000001,,,477.02629625
2026-03-09,04:15,hangseng,SELL,25301,25334,-33,0.2,-6.6,FALSE,470.96,470.96,0.941920000000001,1.1774,0.011774,0.23548,0.17661,,,,-7.77084000000001,,469.25545625
2026-03-09,05:50,hangseng,SELL,25310,25245,65,0.2,13,TRUE,483.96,,0.941920000000001,1.1774,0.011774,0.23548,0.17661,,,,15.3062,,484.56165625
2026-03-09,20:55,dax,SELL,23824,23758,66,0.37,24.42,TRUE,508.38,,0.941920000000001,1.1774,0.011774,0.23548,0.17661,,,0.777084000000001,,,485.33874025
2026-03-10,03:45,ftse,SELL,10370,10401.5,-31.5,0.8,-27.72,FALSE,480.66,480.66,0.961320000000001,1.20165,0.0120165,0.24033,0.1802475,-30.28158,,,,,455.05716025
2026-03-10,08:35,cac,BUY,8018.5,8044,25.5,1,28.05,TRUE,508.71,,0.961320000000001,1.20165,0.0120165,0.24033,0.1802475,,30.642075,,,,485.69923525
2026-03-12,04:10,cac,BUY,8013,7981.5,-31.5,1,-34.65,FALSE,474.06,474.06,0.948120000000001,1.18515,0.0118515,0.23703,0.1777725,,-37.332225,,,,448.36701025
2026-03-12,06:50,cac,BUY,8013.5,8020,6.5,1,7.15,TRUE,481.21,,0.948120000000001,1.18515,0.0118515,0.23703,0.1777725,,7.70347500000001,,,,456.07048525
2026-03-12,07:25,dax,SELL,23626,23582,44,0.37,17.6,TRUE,498.81,,0.948120000000001,1.18515,0.0118515,0.23703,0.1777725,,,0.521466000000001,,,456.59195125
2026-03-12,08:55,cac,BUY,8003.5,7974.5,-29,1,-31.9,FALSE,466.910000000001,,0.948120000000001,1.18515,0.0118515,0.23703,0.1777725,,-34.36935,,,,422.22260125
2026-03-12,14:35,dax,SELL,23581,23594,-13,0.37,-5.2,FALSE,461.710000000001,,0.948120000000001,1.18515,0.0118515,0.23703,0.1777725,,,-0.1540695,,,422.06853175
2026-03-12,20:55,dax,SELL,23649,23636,13,0.37,4.81,TRUE,466.520000000001,,0.948120000000001,1.18515,0.0118515,0.23703,0.1777725,,,0.1540695,,,422.22260125
2026-03-13,08:35,ftse,SELL,10317.5,10353,-35.5,0.8,-31.24,FALSE,435.280000000001,435.280000000001,0.870560000000001,1.0882,0.010882,0.21764,0.16323,-30.90488,,,,,391.31772125
2026-03-13,10:30,ftse,SELL,10320.5,10281,39.5,0.8,31.6,TRUE,466.880000000001,,0.870560000000001,1.0882,0.010882,0.21764,0.16323,34.38712,,,,,425.70484125
2026-03-16,07:10,dax,SELL,23498,23587,-89,0.37,-35.6,FALSE,431.280000000001,431.280000000001,0.862560000000001,1.0782,0.010782,0.21564,0.16173,,,-0.959598000000001,,,424.74524325
2026-03-16,08:45,dax,SELL,23588,23675,-87,0.37,-34.8,FALSE,396.480000000001,,0.862560000000001,1.0782,0.010782,0.21564,0.16173,,,-0.938034000000001,,,423.80720925
2026-03-16,14:55,dax,SELL,23631,23643,-12,0.37,-4.44,FALSE,392.040000000001,,0.862560000000001,1.0782,0.010782,0.21564,0.16173,,,-0.129384,,,423.67782525
2026-03-17,03:50,ftse,BUY,10322.5,10330,7.5,0.8,6.6,TRUE,398.640000000001,398.640000000001,0.797280000000001,0.996600000000001,0.00996600000000001,0.19932,0.14949,5.97960000000001,,,,,429.65742525
2026-03-17,05:00,dax,BUY,23508,23614,106,0.37,42.4,TRUE,441.040000000001,,0.797280000000001,0.996600000000001,0.00996600000000001,0.19932,0.14949,,,1.056396,,,430.71382125
2026-03-17,08:05,cac,SELL,7974.5,8011,-36.5,1,-40.15,FALSE,400.890000000001,,0.797280000000001,0.996600000000001,0.00996600000000001,0.19932,0.14949,,-36.3759,,,,394.33792125
2026-03-17,20:55,cac,SELL,7975,7969.5,5.5,1,5.5,TRUE,406.390000000001,,0.797280000000001,0.996600000000001,0.00996600000000001,0.19932,0.14949,,5.48130000000001,,,,399.81922125
2026-03-18,14:50,cac,SELL,7971,7916.5,54.5,1,54.5,TRUE,460.890000000001,460.890000000001,0.921780000000001,1.152225,0.01152225,0.230445,0.17283375,,62.7962625000001,,,,462.61548375
2026-03-19,06:50,hangseng,SELL,25452,25364,88,0.2,17.6,TRUE,478.490000000001,478.490000000001,0.956980000000001,1.196225,0.01196225,0.239245,0.17943375,,,,21.05356,,483.66904375
2026-03-19,07:10,dax,SELL,23152,23111,41,0.37,16.4,TRUE,494.890000000001,,0.956980000000001,1.196225,0.01196225,0.239245,0.17943375,,,0.490452250000001,,,484.159496
2026-03-20,06:55,hangseng,SELL,25152,25153,-1,0.2,-0.2,FALSE,494.690000000001,494.690000000001,0.989380000000001,1.236725,0.01236725,0.247345,0.18550875,,,,-0.247345,,483.912151
2026-03-20,09:30,cac,SELL,7827.5,7718,109.5,1,120.45,TRUE,615.140000000001,,0.989380000000001,1.236725,0.01236725,0.247345,0.18550875,,135.4213875,,,,619.3335385
2026-03-23,06:30,dax,SELL,22981,23173,-192,0.37,-76.8,FALSE,538.340000000001,538.340000000001,1.07668,1.34585,0.0134585,0.26917,0.2018775,,,-2.584032,,,616.7495065
2026-03-23,09:20,cac,SELL,7796.5,7833,-36.5,1,-40.15,FALSE,498.190000000001,,1.07668,1.34585,0.0134585,0.26917,0.2018775,,-49.1235250000001,,,,567.6259815
2026-03-23,09:45,dax,SELL,23104,23188,-84,0.37,-31.08,FALSE,467.110000000001,,1.07668,1.34585,0.0134585,0.26917,0.2018775,,,-1.130514,,,566.4954675
2026-03-23,10:00,dax,SELL,23184,23265,-81,0.37,-29.97,FALSE,437.140000000001,,1.07668,1.34585,0.0134585,0.26917,0.2018775,,,-1.0901385,,,565.405329
2026-03-23,11:40,cac,SELL,7825,7744.5,80.5,1,80.5,TRUE,517.640000000001,,1.07668,1.34585,0.0134585,0.26917,0.2018775,,108.340925,,,,673.746254
2026-03-24,05:25,nikkei,BUY,52390,52510,120,0.15,18,TRUE,535.640000000001,535.640000000001,1.07128,1.3391,0.013391,0.26782,0.200865,,,,,24.1038,697.850054
2026-03-24,06:40,cac,BUY,7707.5,7732.5,25,1,27.5,TRUE,563.140000000001,,1.07128,1.3391,0.013391,0.26782,0.200865,,33.4775,,,,731.327554
2026-03-24,06:50,hangseng,BUY,24980,24915,-65,0.2,-13,FALSE,550.140000000001,,1.07128,1.3391,0.013391,0.26782,0.200865,,,,-17.4083,,713.919254
2026-03-24,06:50,cac,BUY,7749.5,7730,-19.5,1,-21.45,FALSE,528.690000000001,,1.07128,1.3391,0.013391,0.26782,0.200865,,-26.11245,,,,687.806804
2026-03-24,07:30,cac,BUY,7752,7716,-36,1,-39.6,FALSE,489.090000000001,,1.07128,1.3391,0.013391,0.26782,0.200865,,-48.2076000000001,,,,639.599204
2026-03-24,08:45,dax,BUY,22619,22555,-64,0.37,-23.68,FALSE,465.410000000001,,1.07128,1.3391,0.013391,0.26782,0.200865,,,-0.857024000000001,,,638.74218
2026-03-24,09:45,dax,BUY,22588,22680,92,0.37,34.04,TRUE,499.450000000001,,1.07128,1.3391,0.013391,0.26782,0.200865,,,1.231972,,,639.974152
2026-03-24,13:45,dax,BUY,22730,22812,82,0.37,32.8,TRUE,532.250000000001,,1.07128,1.3391,0.013391,0.26782,0.200865,,,1.098062,,,641.072214
2026-03-25,12:40,dax,SELL,23134,23181,-47,0.37,-18.8,FALSE,513.450000000001,513.450000000001,1.0269,1.283625,0.01283625,0.256725,0.19254375,,,-0.603303750000001,,,640.46891025
2026-03-26,03:45,nikkei,BUY,53220,53065,-155,0.15,-23.25,FALSE,490.200000000001,490.200000000001,0.980400000000001,1.2255,0.012255,0.2451,0.183825,,,,,-28.492875,611.97603525
2026-03-26,04:25,cac,BUY,7810.5,7776.5,-34,1,-37.4,FALSE,452.800000000001,,0.980400000000001,1.2255,0.012255,0.2451,0.183825,,-41.6670000000001,,,,570.30903525
2026-03-26,11:05,dax,SELL,22969,22887,82,0.37,30.34,TRUE,483.140000000001,,0.980400000000001,1.2255,0.012255,0.2451,0.183825,,,1.00491,,,571.31394525
2026-03-30,06:25,hangseng,SELL,24725,24799,-74,0.2,-14.8,FALSE,468.340000000001,468.340000000001,0.936680000000001,1.17085,0.0117085,0.23417,0.1756275,,,,-17.32858,,553.98536525
2026-03-30,07:25,nikkei,SELL,51950,51965,-15,0.15,-2.25,FALSE,466.090000000001,,0.936680000000001,1.17085,0.0117085,0.23417,0.1756275,,,,,-2.6344125,551.35095275
2026-03-30,10:00,ftse,SELL,10104.5,10142,-37.5,0.8,-30,FALSE,436.090000000001,,0.936680000000001,1.17085,0.0117085,0.23417,0.1756275,-35.1255,,,,,516.22545275
2026-03-30,10:45,cac,SELL,7757,7791,-34,1,-34,FALSE,402.090000000001,,0.936680000000001,1.17085,0.0117085,0.23417,0.1756275,,-39.8089000000001,,,,476.416552749999
2026-03-30,12:40,dax,SELL,22758,22686,72,0.37,26.64,TRUE,428.730000000001,,0.936680000000001,1.17085,0.0117085,0.23417,0.1756275,,,0.843012000000001,,,477.259564749999
2026-03-31,06:45,hangseng,BUY,24732,24813,81,0.2,16.2,TRUE,444.930000000001,444.930000000001,0.889860000000001,1.112325,0.01112325,0.222465,0.16684875,,,,18.019665,,495.279229749999
2026-04-07,06:30,nikkei,BUY,53600,53405,-195,0.15,-29.25,FALSE,415.680000000001,415.680000000001,0.831360000000001,1.0392,0.010392,0.20784,0.15588,,,,,-30.3966,464.882629749999
2026-04-07,07:05,nikkei,BUY,53430,53345,-85,0.15,-12.75,FALSE,402.930000000001,,0.831360000000001,1.0392,0.010392,0.20784,0.15588,,,,,-13.2498,451.632829749999
2026-04-07,07:25,nikkei,BUY,53450,53575,125,0.15,18.75,TRUE,421.680000000001,,0.831360000000001,1.0392,0.010392,0.20784,0.15588,,,,,19.485,471.117829749999
2026-04-13,06:50,ftse,BUY,10582,10554.5,-27.5,0.8,-24.2,FALSE,397.480000000001,397.480000000001,0.794960000000001,0.993700000000002,0.00993700000000002,0.19874,0.149055,-21.8614,,,,,449.256429749999
2026-04-13,07:35,ftse,BUY,10558,10564.5,6.5,0.8,5.72,TRUE,403.200000000001,,0.794960000000001,0.993700000000002,0.00993700000000002,0.19874,0.149055,5.16724000000001,,,,,454.423669749999
2026-04-13,07:55,hangseng,BUY,25656,25633,-23,0.2,-4.6,FALSE,398.600000000001,,0.794960000000001,0.993700000000002,0.00993700000000002,0.19874,0.149055,,,,-4.57102000000001,,449.852649749999
2026-04-13,20:55,cac,BUY,8267,8266.5,-0.5,1,-0.5,FALSE,398.100000000001,,0.794960000000001,0.993700000000002,0.00993700000000002,0.19874,0.149055,,-0.496850000000001,,,,449.355799749999
2026-04-14,08:00,ftse,BUY,10600,10611.5,11.5,0.8,10.12,TRUE,408.220000000001,408.220000000001,0.816440000000001,1.02055,0.0102055,0.20411,0.1530825,9.38906000000001,,,,,458.744859749999
2026-04-14,09:15,ftse,BUY,10614.5,10616.5,2,0.8,1.6,TRUE,409.820000000001,,0.816440000000001,1.02055,0.0102055,0.20411,0.1530825,1.63288,,,,,460.377739749999
2026-04-15,07:00,ftse,BUY,10633.5,10635,1.5,0.8,1.32,TRUE,411.140000000001,411.140000000001,0.822280000000001,1.02785,0.0102785,0.20557,0.1541775,1.23342,,,,,461.611159749999
2026-04-15,07:55,hangseng,BUY,25955,25978,23,0.2,4.6,TRUE,415.740000000001,,0.822280000000001,1.02785,0.0102785,0.20557,0.1541775,,,,4.72811000000001,,466.339269749999
2026-04-15,08:40,dax,BUY,24243,24243,0,0.37,0,FALSE,415.740000000001,,0.822280000000001,1.02785,0.0102785,0.20557,0.1541775,,,0,,,466.339269749999
2026-04-15,09:00,cac,BUY,8275,8277.7,2.7,1,2.7,TRUE,418.440000000001,,0.822280000000001,1.02785,0.0102785,0.20557,0.1541775,,2.775195,,,,469.114464749999
2026-04-15,20:55,cac,BUY,8280,8258.5,-21.5,1,-21.5,FALSE,396.940000000001,,0.822280000000001,1.02785,0.0102785,0.20557,0.1541775,,-22.098775,,,,447.015689749999
2026-04-16,10:25,dax,BUY,24291,24315,24,0.37,8.88,TRUE,405.820000000001,405.820000000001,0.811640000000001,1.01455,0.0101455,0.20291,0.1521825,,,0.243492,,,447.259181749999
2026-04-16,14:55,cac,BUY,8253.5,8261.5,8,1,8,TRUE,413.820000000001,,0.811640000000001,1.01455,0.0101455,0.20291,0.1521825,,8.11640000000001,,,,455.375581749999
2026-04-17,08:20,ftse,BUY,10568.5,10660,91.5,0.8,80.52,TRUE,494.340000000001,494.340000000001,0.988680000000001,1.23585,0.0123585,0.24717,0.1853775,90.4642200000001,,,,,545.839801749999
2026-04-20,07:05,ftse,BUY,10605.5,10607,1.5,0.8,1.32,TRUE,495.660000000001,495.660000000001,0.991320000000001,1.23915,0.0123915,0.24783,0.1858725,1.48698,,,,,547.326781749999
2026-04-20,07:25,nikkei,BUY,58880,59000,120,0.15,18,TRUE,513.660000000001,,0.991320000000001,1.23915,0.0123915,0.24783,0.1858725,,,,,22.3047,569.63148175
2026-04-20,08:40,dax,BUY,24531,24620,89,0.37,35.6,TRUE,549.260000000001,,0.991320000000001,1.23915,0.0123915,0.24783,0.1858725,,,1.1028435,,,570.734325249999
2026-04-20,12:30,ftse,BUY,10607.5,10610.5,3,0.8,2.4,TRUE,551.660000000001,,0.991320000000001,1.23915,0.0123915,0.24783,0.1858725,2.97396,,,,,573.708285249999
2026-04-20,19:20,ftse,BUY,10618.5,10632,13.5,0.8,11.88,TRUE,563.540000000001,,0.991320000000001,1.23915,0.0123915,0.24783,0.1858725,13.38282,,,,,587.09110525
2026-04-21,07:50,hangseng,BUY,26495,26410,-85,0.2,-17,FALSE,546.540000000001,546.540000000001,1.09308,1.36635,0.0136635,0.27327,0.2049525,,,,-23.22795,,563.863155249999
2026-04-21,09:25,cac,BUY,8231.5,8199.5,-32,1,-35.2,FALSE,511.340000000001,,1.09308,1.36635,0.0136635,0.27327,0.2049525,,-43.7232,,,,520.139955249999
2026-04-21,10:35,dax,BUY,24452,24397,-55,0.37,-20.35,FALSE,490.990000000001,,1.09308,1.36635,0.0136635,0.27327,0.2049525,,,-0.751492500000001,,,519.388462749999
2026-04-21,12:05,dax,BUY,24403,24340,-63,0.37,-23.31,FALSE,467.680000000001,,1.09308,1.36635,0.0136635,0.27327,0.2049525,,,-0.860800500000001,,,518.527662249999
2026-04-21,14:10,dax,BUY,24319,24352,33,0.37,13.2,TRUE,480.880000000001,,1.09308,1.36635,0.0136635,0.27327,0.2049525,,,0.4508955,,,518.978557749999
2026-04-22,06:40,hangseng,BUY,26170,26190,20,0.2,4,TRUE,484.880000000001,484.880000000001,0.969760000000001,1.2122,0.012122,0.24244,0.18183,,,,4.84880000000001,,523.827357749999
2026-04-22,07:15,dax,BUY,24359,24435,76,0.37,30.4,TRUE,515.280000000001,,0.969760000000001,1.2122,0.012122,0.24244,0.18183,,,0.921272000000001,,,524.748629749999
2026-04-22,09:30,dax,BUY,24400,24379,-21,0.37,-7.77,FALSE,507.510000000001,,0.969760000000001,1.2122,0.012122,0.24244,0.18183,,,-0.254562,,,524.494067749999
2026-04-22,09:50,dax,BUY,24397,24326,-71,0.37,-26.27,FALSE,481.240000000001,,0.969760000000001,1.2122,0.012122,0.24244,0.18183,,,-0.860662000000001,,,523.633405749999
2026-04-22,10:40,cac,BUY,8094,8063.5,-30.5,1,-30.5,FALSE,450.740000000001,,0.969760000000001,1.2122,0.012122,0.24244,0.18183,,-36.9721,,,,486.661305749999
2026-04-22,11:40,cac,BUY,8074.5,8098,23.5,1,23.5,TRUE,474.240000000001,,0.969760000000001,1.2122,0.012122,0.24244,0.18183,,28.4867,,,,515.148005749999
2026-04-22,20:55,cac,BUY,8109,8112.5,3.5,1,3.5,TRUE,477.740000000001,,0.969760000000001,1.2122,0.012122,0.24244,0.18183,,4.24270000000001,,,,519.390705749999
2026-04-23,07:20,hangseng,BUY,25887,25973,86,0.2,17.2,TRUE,494.940000000001,494.940000000001,0.989880000000001,1.23735,0.0123735,0.24747,0.1856025,,,,21.28242,,540.673125749999
2026-04-23,13:45,cac,BUY,8071.5,8095.5,24,1,26.4,TRUE,521.340000000001,,0.989880000000001,1.23735,0.0123735,0.24747,0.1856025,,29.6964,,,,570.369525749999
2026-04-23,20:55,cac,BUY,8100,8100,0,1,0,FALSE,521.340000000001,,0.989880000000001,1.23735,0.0123735,0.24747,0.1856025,,0,,,,570.369525749999
2026-04-28,07:25,nikkei,BUY,59335,59235,-100,0.15,-15,FALSE,506.340000000001,506.340000000001,1.01268,1.26585,0.0126585,0.25317,0.1898775,,,,,-18.98775,551.381775749999
2026-05-04,06:35,nikkei,BUY,59300,59610,310,0.15,46.5,TRUE,552.840000000001,552.840000000001,1.10568,1.3821,0.013821,0.27642,0.207315,,,,,64.2676500000001,615.64942575
2026-05-07,07:55,hangseng,BUY,26444,26475,31,0.2,6.2,TRUE,559.040000000001,559.040000000001,1.11808,1.3976,0.013976,0.27952,0.20964,,,,8.66512000000001,,624.31454575
2026-05-08,07:45,hangseng,BUY,26285,26330,45,0.2,9,TRUE,568.040000000001,568.040000000001,1.13608,1.4201,0.014201,0.28402,0.213015,,,,12.7809,,637.09544575
2026-05-12,07:25,nikkei,BUY,62510,62415,-95,0.15,-14.25,FALSE,553.790000000001,553.790000000001,1.10758,1.384475,0.01384475,0.276895,0.20767125,,,,,-19.72876875,617.366677
2026-05-15,04:45,nikkei,BUY,61840,61680,-160,0.15,-24,FALSE,529.790000000001,529.790000000001,1.05958,1.324475,0.01324475,0.264895,0.19867125,,,,,-31.7874,585.579277
2026-05-15,05:25,nikkei,BUY,61815,61875,60,0.15,9,TRUE,538.790000000001,,1.05958,1.324475,0.01324475,0.264895,0.19867125,,,,,11.920275,597.499552
2026-05-18,06:05,nikkei,BUY,61065,60885,-180,0.15,-27,FALSE,511.790000000001,511.790000000001,1.02358,1.279475,0.01279475,0.255895,0.19192125,,,,,-34.545825,562.953727
2026-05-18,06:50,nikkei,BUY,60975,61325,350,0.15,52.5,TRUE,564.290000000001,,1.02358,1.279475,0.01279475,0.255895,0.19192125,,,,,67.1724375000001,630.1261645
2026-05-19,05:00,nikkei,BUY,60556.4,60378.8,-177.6,0.15,-26.64,FALSE,537.650000000001,537.650000000001,1.0753,1.344125,0.01344125,0.268825,0.20161875,,,,,-35.80749,594.3186745
2026-05-19,06:40,nikkei,BUY,60487.8,60523.8,36,0.15,5.4,TRUE,543.050000000001,,1.0753,1.344125,0.01344125,0.268825,0.20161875,,,,,7.25827500000001,601.5769495
2026-05-19,07:25,nikkei,BUY,60511.4,60688.6,177.2,0.15,26.58,TRUE,569.630000000001,,1.0753,1.344125,0.01344125,0.268825,0.20161875,,,,,35.7268425,637.303792
2026-05-20,06:35,hangseng,SELL,25624.7,25641.7,-17,0.2,-3.4,FALSE,566.230000000001,566.230000000001,1.13246,1.415575,0.01415575,0.283115,0.21233625,,,,-4.81295500000001,,632.490837
2026-05-20,07:55,hangseng,SELL,25598.9,25623.4,-24.5,0.2,-4.9,FALSE,561.330000000001,,1.13246,1.415575,0.01415575,0.283115,0.21233625,,,,-6.93631750000001,,625.5545195
2026-05-21,04:15,hangseng,SELL,25781.1,25659,122.1,0.2,24.42,TRUE,585.750000000001,585.750000000001,1.1715,1.464375,0.01464375,0.292875,0.21965625,,,,35.7600375,,661.314557
2026-05-26,06:25,nikkei,BUY,65039.1,65069.2,30.1,0.15,4.51,TRUE,590.260000000001,590.260000000001,1.18052,1.47565,0.0147565,0.29513,0.2213475,,,,,6.66255975000001,667.97711675
2026-05-26,07:25,nikkei,BUY,64970.7,64926,-44.7,0.15,-6.7,FALSE,583.560000000001,,1.18052,1.47565,0.0147565,0.29513,0.2213475,,,,,-9.89423325000001,658.0828835
2026-05-26,08:30,dax,BUY,25327.5,25264.5,-63,0.37,-23.31,FALSE,560.250000000001,,1.18052,1.47565,0.0147565,0.29513,0.2213475,,,-0.929659500000001,,,657.153224
2026-05-26,09:05,dax,BUY,25305.1,25223.9,-81.2,0.37,-30.04,FALSE,530.210000000001,,1.18052,1.47565,0.0147565,0.29513,0.2213475,,,-1.1982278,,,655.9549962
2026-05-26,11:45,dax,BUY,25196.4,25253.6,57.2,0.37,21.16,TRUE,551.370000000001,,1.18052,1.47565,0.0147565,0.29513,0.2213475,,,0.844071800000001,,,656.799068
2026-05-26,14:45,ftse,BUY,10520.6,10545.1,24.5,0.8,19.6,TRUE,570.970000000001,,1.18052,1.47565,0.0147565,0.29513,0.2213475,28.92274,,,,,685.721808
2026-05-26,16:25,ftse,BUY,10500.5,10500.7,0.2,0.8,0.16,TRUE,571.130000000001,,1.18052,1.47565,0.0147565,0.29513,0.2213475,0.236104,,,,,685.957912
2026-05-26,20:55,ftse,BUY,10499.1,10504.8,5.7,0.8,4.56,TRUE,575.690000000001,,1.18052,1.47565,0.0147565,0.29513,0.2213475,6.72896400000001,,,,,692.686876
2026-05-27,04:00,hangseng,SELL,25568.1,25445.4,122.7,0.2,24.54,TRUE,600.230000000001,600.230000000001,1.20046,1.500575,0.01500575,0.300115,0.22508625,,,,36.8241105,,729.5109865
2026-05-27,05:55,nikkei,BUY,65503.6,65311.4,-192.2,0.15,-28.83,FALSE,571.400000000001,,1.20046,1.500575,0.01500575,0.300115,0.22508625,,,,,-43.26157725,686.24940925
2026-05-27,06:20,nikkei,BUY,65350.5,65356.2,5.7,0.15,0.85,TRUE,572.250000000001,,1.20046,1.500575,0.01500575,0.300115,0.22508625,,,,,1.282991625,687.532400875
2026-05-27,07:05,nikkei,BUY,65370.4,65219.4,-151,0.15,-22.65,FALSE,549.600000000001,,1.20046,1.500575,0.01500575,0.300115,0.22508625,,,,,-33.98802375,653.544377125
2026-05-28,04:50,nikkei,BUY,64367.6,64355.3,-12.3,0.15,-1.84,FALSE,547.760000000001,547.760000000001,1.09552,1.3694,0.013694,0.27388,0.20541,,,,,-2.526543,651.017834125
2026-05-28,05:10,nikkei,BUY,64137.7,64000.9,-136.8,0.15,-20.52,FALSE,527.240000000001,,1.09552,1.3694,0.013694,0.27388,0.20541,,,,,-28.100088,622.917746125
2026-05-28,07:05,nikkei,BUY,63967.1,64621.7,654.6,0.15,98.19,TRUE,625.430000000001,,1.09552,1.3694,0.013694,0.27388,0.20541,,,,,134.461386,757.379132125
2026-06-01,07:55,hangseng,SELL,25335.7,25422.2,-86.5,0.2,-17.3,FALSE,608.130000000001,608.130000000001,1.21626,1.520325,0.01520325,0.304065,0.22804875,,,,-26.3016225,,731.077509625
2026-06-02,06:50,nikkei,BUY,65866.3,66674.5,808.2,0.15,121.23,TRUE,729.360000000001,729.360000000001,1.45872,1.8234,0.018234,0.36468,0.27351,,,,,221.050782,952.128291625
2026-06-03,07:55,hangseng,BUY,25587.7,25603.3,15.6,0.2,3.12,TRUE,732.480000000001,732.480000000001,1.46496,1.8312,0.018312,0.36624,0.27468,,,,5.71334400000001,,957.841635625
2026-06-11,05:40,nikkei,SELL,64025.4,64204.8,-179.4,0.15,-26.91,FALSE,705.570000000001,705.570000000001,1.41114,1.763925,0.01763925,0.352785,0.26458875,,,,,-47.46722175,910.374413875
2026-06-12,07:55,hangseng,SELL,24692,24585.9,106.1,0.2,21.22,TRUE,726.790000000001,726.790000000001,1.45358,1.816975,0.01816975,0.363395,0.27254625,,,,38.5562095,,948.930623375
2026-06-16,07:45,ftse,BUY,10426.9,10436.5,9.6,0.8,8.45,TRUE,735.240000000001,735.240000000001,1.47048,1.8381,0.018381,0.36762,0.275715,14.116608,,,,,963.047231375
2026-06-16,20:10,dax,BUY,24839.7,24776.7,-63,0.37,-23.31,FALSE,711.930000000001,,1.47048,1.8381,0.018381,0.36762,0.275715,,,-1.158003,,,961.889228375
2026-06-16,20:55,dax,BUY,24790.7,24772.6,-18.1,0.37,-6.7,FALSE,705.230000000001,,1.47048,1.8381,0.018381,0.36762,0.275715,,,-0.3326961,,,961.556532275
2026-06-17,11:00,dax,SELL,24842.5,24916.5,-74,0.37,-29.6,FALSE,675.630000000001,675.630000000001,1.35126,1.689075,0.01689075,0.337815,0.25336125,,,-1.2499155,,,960.306616775
2026-06-18,09:20,ftse,BUY,10449,10417.3,-31.7,0.8,-25.36,FALSE,650.270000000001,650.270000000001,1.30054,1.625675,0.01625675,0.325135,0.24385125,-41.2271180000001,,,,,919.079498775
2026-06-18,13:35,ftse,BUY,10401.4,10406.3,4.9,0.8,3.92,TRUE,654.190000000001,,1.30054,1.625675,0.01625675,0.325135,0.24385125,6.37264600000001,,,,,925.452144775
2026-06-19,05:30,nikkei,BUY,71235.7,71084.4,-151.3,0.15,-22.7,FALSE,631.490000000001,631.490000000001,1.26298,1.578725,0.01578725,0.315745,0.23680875,,,,,-35.829163875,889.6229809
2026-06-19,07:25,nikkei,BUY,70918.6,71201.6,283,0.15,42.45,TRUE,673.940000000001,,1.26298,1.578725,0.01578725,0.315745,0.23680875,,,,,67.0168762500001,956.63985715
2026-06-22,07:55,hangseng,SELL,23762.4,23846.3,-83.9,0.2,-16.78,FALSE,657.160000000001,657.160000000001,1.31432,1.6429,0.016429,0.32858,0.246435,,,,-27.567862,,929.07199515
2026-06-23,02:35,hangseng,BUY,23818.2,23713.1,-105.1,0.2,-21.02,FALSE,636.140000000001,636.140000000001,1.27228,1.59035,0.0159035,0.31807,0.2385525,,,,-33.429157,,895.64283815
2026-06-23,05:20,nikkei,BUY,71429.9,71202.9,-227,0.15,-34.05,FALSE,602.090000000001,,1.27228,1.59035,0.0159035,0.31807,0.2385525,,,,,-54.1514175000001,841.49142065
2026-06-23,06:55,nikkei,BUY,70519.4,70330.5,-188.9,0.15,-28.33,FALSE,573.760000000001,,1.27228,1.59035,0.0159035,0.31807,0.2385525,,,,,-45.0625672500001,796.4288534
2026-06-23,07:10,nikkei,BUY,70327.1,70107.5,-219.6,0.15,-32.94,FALSE,540.820000000001,,1.27228,1.59035,0.0159035,0.31807,0.2385525,,,,,-52.3861290000001,744.0427244
2026-06-24,07:55,hangseng,SELL,23440.5,23443.1,-2.6,0.2,-0.52,FALSE,540.300000000001,540.300000000001,1.0806,1.35075,0.0135075,0.27015,0.2026125,,,,-0.702390000000001,,743.3403344
2026-06-26,07:25,nikkei,BUY,68953.4,69166.3,212.9,0.15,31.94,TRUE,572.240000000001,572.240000000001,1.14448,1.4306,0.014306,0.28612,0.21459,,,,,45.6862110000001,789.0265454
2026-06-26,13:05,dax,BUY,24724,24663.3,-60.7,0.37,-22.46,FALSE,549.780000000001,,1.14448,1.4306,0.014306,0.28612,0.21459,,,-0.868374200000001,,,788.1581712
2026-06-26,15:30,cac,BUY,8361.3,8369.2,7.9,1,7.9,TRUE,557.680000000001,,1.14448,1.4306,0.014306,0.28612,0.21459,,11.30174,,,,799.4599112
2026-06-26,20:55,dax,BUY,24666.2,24638.7,-27.5,0.37,-10.18,FALSE,547.500000000001,,1.14448,1.4306,0.014306,0.28612,0.21459,,,-0.393415,,,799.0664962
2026-06-29,07:55,hangseng,SELL,23108.1,23098.2,9.9,0.2,1.98,TRUE,549.480000000001,549.480000000001,1.09896,1.3737,0.013737,0.27474,0.206055,,,,2.719926,,801.7864222
2026-06-30,11:25,cac,BUY,8382.4,8412.5,30.1,1,30.1,TRUE,579.580000000001,579.580000000001,1.15916,1.44895,0.0144895,0.28979,0.2173425,,43.6133950000001,,,,845.3998172
2026-06-30,16:25,cac,BUY,8374.3,8407.4,33.1,1,33.1,TRUE,612.680000000001,,1.15916,1.44895,0.0144895,0.28979,0.2173425,,47.9602450000001,,,,893.3600622
2026-06-30,19:30,ftse,BUY,10502.9,10506,3.1,0.8,2.48,TRUE,615.160000000001,,1.15916,1.44895,0.0144895,0.28979,0.2173425,3.593396,,,,,896.9534582
2026-07-01,08:10,ftse,BUY,10486.7,10455.3,-31.4,0.8,-27.63,FALSE,587.530000000001,587.530000000001,1.17506,1.468825,0.01468825,0.293765,0.22032375,-36.8968840000001,,,,,860.0565742
2026-07-01,09:50,cac,BUY,8361.1,8375.5,14.4,1,14.4,TRUE,601.930000000001,,1.17506,1.468825,0.01468825,0.293765,0.22032375,,21.15108,,,,881.2076542
2026-07-01,15:05,ftse,BUY,10456.5,10451.6,-4.9,0.8,-4.31,FALSE,597.620000000001,,1.17506,1.468825,0.01468825,0.293765,0.22032375,-5.75779400000001,,,,,875.4498602
2026-07-02,07:05,nikkei,BUY,69235.6,68965,-270.6,0.15,-40.59,FALSE,557.030000000001,557.030000000001,1.11406,1.392575,0.01392575,0.278515,0.20888625,,,,,-56.5246192500001,818.92524095
2026-07-03,05:25,nikkei,SELL,69373.5,69543.6,-170.1,0.15,-25.52,FALSE,531.510000000001,531.510000000001,1.06302,1.328775,0.01328775,0.265755,0.19931625,,,,,-33.9036941250001,785.021546825
2026-07-03,12:05,cac,BUY,8471.8,8475.5,3.7,1,3.7,TRUE,535.210000000001,,1.06302,1.328775,0.01328775,0.265755,0.19931625,,4.91646750000001,,,,789.938014325
2026-07-03,13:20,ftse,BUY,10614.1,10634.9,20.8,0.8,18.3,TRUE,553.510000000001,,1.06302,1.328775,0.01328775,0.265755,0.19931625,22.110816,,,,,812.048830325
2026-07-06,06:10,nikkei,BUY,69044.2,69464.8,420.6,0.15,63.09,TRUE,616.600000000001,616.600000000001,1.2332,1.5415,0.015415,0.3083,0.231225,,,,,97.2532350000001,909.302065325
2026-07-06,09:15,dax,BUY,25800.8,25851,50.2,0.37,20.08,TRUE,636.680000000001,,1.2332,1.5415,0.015415,0.3083,0.231225,,,0.773833000000001,,,910.075898325
2026-07-06,14:10,dax,BUY,25775.9,25712.7,-63.2,0.37,-25.28,FALSE,611.400000000001,,1.2332,1.5415,0.015415,0.3083,0.231225,,,-0.974228000000001,,,909.101670325
2026-07-06,15:35,dax,BUY,25722.9,25779.9,57,0.37,21.09,TRUE,632.490000000001,,1.2332,1.5415,0.015415,0.3083,0.231225,,,0.878655000000001,,,909.980325325
2026-07-06,16:25,cac,BUY,8473.2,8468.7,-4.5,1,-4.5,FALSE,627.990000000001,,1.2332,1.5415,0.015415,0.3083,0.231225,,-6.93675000000001,,,,903.043575325
2026-07-07,07:25,nikkei,BUY,68197.8,68410.2,212.4,0.15,31.86,TRUE,659.850000000001,659.850000000001,1.3197,1.649625,0.01649625,0.329925,0.24744375,,,,,52.5570525000001,955.600627825
2026-07-07,07:50,dax,BUY,25760.2,25767.3,7.1,0.37,2.84,TRUE,662.690000000001,,1.3197,1.649625,0.01649625,0.329925,0.24744375,,,0.117123375,,,955.7177512
2026-07-07,11:30,dax,BUY,25727.6,25667,-60.6,0.37,-22.42,FALSE,640.270000000001,,1.3197,1.649625,0.01649625,0.329925,0.24744375,,,-0.999672750000002,,,954.71807845
2026-07-07,14:50,dax,BUY,25668.1,25591.8,-76.3,0.37,-30.52,FALSE,609.750000000001,,1.3197,1.649625,0.01649625,0.329925,0.24744375,,,-1.258663875,,,953.459414575
2026-07-07,20:55,cac,BUY,8436.7,8418,-18.7,1,-18.7,FALSE,591.050000000001,,1.3197,1.649625,0.01649625,0.329925,0.24744375,,-30.8479875,,,,922.611427075
2026-07-08,08:05,cac,BUY,8397.2,8361.1,-36.1,1,-39.71,FALSE,551.340000000001,551.340000000001,1.10268,1.37835,0.0137835,0.27567,0.2067525,,-49.7584350000001,,,,872.852992075
2026-07-08,09:20,ftse,BUY,10585.7,10536.7,-49,0.8,-39.2,FALSE,512.140000000001,,1.10268,1.37835,0.0137835,0.27567,0.2067525,-54.0313200000001,,,,,818.821672075
2026-07-08,13:25,ftse,BUY,10503.6,10553.7,50.1,0.8,40.08,TRUE,552.220000000001,,1.10268,1.37835,0.0137835,0.27567,0.2067525,55.2442680000001,,,,,874.065940075
2026-07-08,18:05,ftse,BUY,10480,10488.1,8.1,0.8,6.48,TRUE,558.700000000001,,1.10268,1.37835,0.0137835,0.27567,0.2067525,8.93170800000002,,,,,882.997648075
2026-07-09,07:55,hangseng,BUY,23937.8,23995.2,57.4,0.2,11.48,TRUE,570.180000000001,570.180000000001,1.14036,1.42545,0.0142545,0.28509,0.2138175,,,,16.364166,,899.361814075
2026-07-13,07:55,hangseng,BUY,24223.91,24198.5,-25.4,0.2,-5.08,FALSE,565.100000000001,565.100000000001,1.1302,1.41275,0.0141275,0.28255,0.2119125,,,,-7.17677000000001,,892.185044075
2026-07-14,07:25,nikkei,SELL,67530.2,67544.8,-14.6,0.15,-2.19,FALSE,562.910000000001,562.910000000001,1.12582,1.407275,0.01407275,0.281455,0.21109125,,,,,-3.08193225000001,889.103111825
2026-07-15,06:50,ftse,SELL,10492.3,10475.5,16.8,0.8,14.78,TRUE,577.690000000001,577.690000000001,1.15538,1.444225,0.01444225,0.288845,0.21663375,19.410384,,,,,908.513495825
2026-07-15,07:25,nikkei,SELL,68670.4,68528.8,141.6,0.15,21.24,TRUE,598.930000000001,,1.15538,1.444225,0.01444225,0.288845,0.21663375,,,,,30.675339,939.188834825
2026-07-15,11:10,dax,BUY,24975.6,24934.1,-41.5,0.37,-15.36,FALSE,583.570000000001,,1.15538,1.444225,0.01444225,0.288845,0.21663375,,,-0.599353375000001,,,938.58948145
2026-07-15,12:25,ftse,BUY,10505.4,10518.3,12.9,0.8,10.32,TRUE,593.890000000001,,1.15538,1.444225,0.01444225,0.288845,0.21663375,14.904402,,,,,953.493883450001
2026-07-15,14:35,dax,BUY,25015.1,25024.8,9.7,0.37,3.59,TRUE,597.480000000001,,1.15538,1.444225,0.01444225,0.288845,0.21663375,,,0.140089825,,,953.633973275001
2026-07-15,20:55,ftse,BUY,10491.7,10484.5,-7.2,0.8,-5.76,FALSE,591.720000000001,,1.15538,1.444225,0.01444225,0.288845,0.21663375,-8.31873600000001,,,,,945.315237275
2026-07-16,05:10,nikkei,SELL,67024.8,66837.3,187.5,0.15,28.12,TRUE,619.840000000001,619.840000000001,1.23968,1.5496,0.015496,0.309920000000001,0.23244,,,,,43.5825000000001,988.897737275001
2026-07-16,05:10,ftse,SELL,10481,10483.1,-2.1,0.8,-1.85,FALSE,617.990000000001,,1.23968,1.5496,0.015496,0.309920000000001,0.23244,-2.603328,,,,,986.294409275001
2026-07-16,06:45,dax,SELL,25020.2,25006.4,13.8,0.37,5.52,TRUE,623.510000000001,,1.23968,1.5496,0.015496,0.309920000000001,0.23244,,,0.2138448,,,986.508254075
2026-07-16,07:40,dax,SELL,24997.5,24893.8,103.7,0.37,41.48,TRUE,664.990000000001,,1.23968,1.5496,0.015496,0.309920000000001,0.23244,,,1.6069352,,,988.115189275
2026-07-17,05:35,hangseng,BUY,24472,24375.5,-96.5,0.2,-19.3,FALSE,645.690000000001,645.690000000001,1.29138,1.614225,0.01614225,0.322845000000001,0.24213375,,,,-31.1545425,,956.960646775
2026-07-17,06:40,hangseng,BUY,24372.7,24506,133.3,0.2,26.66,TRUE,672.350000000001,,1.29138,1.614225,0.01614225,0.322845000000001,0.24213375,,,,43.0352385000001,,999.995885275
2026-07-20,07:50,ftse,BUY,10535.1,10554.9,19.8,0.8,17.42,TRUE,689.770000000001,689.770000000001,1.37954,1.724425,0.01724425,0.344885000000001,0.25866375,27.314892,,,,,1027.310777275
2026-07-21,05:25,dax,SELL,24816.8,24823.6,-6.8,0.37,-2.72,FALSE,687.050000000001,687.050000000001,1.3741,1.717625,0.01717625,0.343525,0.25764375,,,-0.1167985,,,1027.193978775
2026-07-21,06:05,hangseng,BUY,25116.9,25179.9,63,0.2,12.6,TRUE,699.650000000001,,1.3741,1.717625,0.01717625,0.343525,0.25764375,,,,21.642075,,1048.836053775
2026-07-21,07:00,dax,SELL,24829.1,24897.1,-68,0.37,-27.2,FALSE,672.450000000001,,1.3741,1.717625,0.01717625,0.343525,0.25764375,,,-1.167985,,,1047.668068775
2026-07-21,08:15,dax,SELL,24866.6,24879.7,-13.1,0.37,-5.24,FALSE,667.210000000001,,1.3741,1.717625,0.01717625,0.343525,0.25764375,,,-0.225008875,,,1047.4430599
2026-07-21,12:30,cac,SELL,8341.1,8341.4,-0.3,1,-0.3,FALSE,666.910000000001,,1.3741,1.717625,0.01717625,0.343525,0.25764375,,-0.515287500000001,,,,1046.9277724
2026-07-21,15:50,ftse,SELL,10559.3,10595.8,-36.5,0.8,-29.2,FALSE,637.710000000001,,1.3741,1.717625,0.01717625,0.343525,0.25764375,-50.1546500000001,,,,,996.7731224
2026-07-22,07:30,hangseng,BUY,24859.7,24862.5,2.8,0.2,0.56,TRUE,638.270000000001,638.270000000001,1.27654,1.595675,0.01595675,0.319135,0.23935125,,,,0.893578000000001,,997.6667004
2026-07-23,07:05,ftse,BUY,10717.8,10675.8,-42,0.8,-36.96,FALSE,601.310000000001,601.310000000001,1.20262,1.503275,0.01503275,0.300655,0.22549125,-50.5100400000001,,,,,947.1566604
2026-07-24,06:30,hangseng,BUY,24863.7,24874.3,10.6,0.2,2.12,TRUE,603.430000000001,603.430000000001,1.20686,1.508575,0.01508575,0.301715,0.22628625,,,,3.198179,,950.3548394
2026-07-24,07:45,hangseng,BUY,24867.6,24922.5,54.9,0.2,10.98,TRUE,614.410000000001,,1.20686,1.508575,0.01508575,0.301715,0.22628625,,,,16.5641535,,966.9189929
2026-07-28,05:25,hangseng,BUY,25157.9,25164.1,6.2,0.2,1.24,TRUE,615.650000000001,615.650000000001,1.2313,1.539125,0.01539125,0.307825,0.23086875,,,,1.908515,,968.8275079
2026-07-28,06:30,hangseng,BUY,25166.4,25169.1,2.7,0.2,0.54,TRUE,616.190000000001,,1.2313,1.539125,0.01539125,0.307825,0.23086875,,,,0.831127500000001,,969.6586354
2026-07-28,06:55,cac,BUY,8394.2,8435.9,41.7,1,45.87,TRUE,662.060000000001,,1.2313,1.539125,0.01539125,0.307825,0.23086875,,64.1815125000001,,,,1033.8401479
2026-07-28,09:00,dax,BUY,25485.9,25483.3,-2.6,0.37,-0.96,FALSE,661.100000000001,,1.2313,1.539125,0.01539125,0.307825,0.23086875,,,-0.0400172500000001,,,1033.80013065
2026-07-28,09:40,dax,BUY,25498.2,25516.1,17.9,0.37,6.62,TRUE,667.720000000001,,1.2313,1.539125,0.01539125,0.307825,0.23086875,,,0.275503375,,,1034.075634025
2026-07-28,11:25,dax,BUY,25455.7,25384.8,-70.9,0.37,-26.23,FALSE,641.490000000001,,1.2313,1.539125,0.01539125,0.307825,0.23086875,,,-1.091239625,,,1032.9843944
2026-07-28,14:40,cac,BUY,8413.1,8456,42.9,1,42.9,TRUE,684.390000000001,,1.2313,1.539125,0.01539125,0.307825,0.23086875,,66.0284625000001,,,,1099.0128569
2026-07-29,04:40,cac,BUY,8444,8413.4,-30.6,1,-33.66,FALSE,650.730000000001,650.730000000001,1.30146,1.626825,0.01626825,0.325365,0.24402375,,-49.7808450000001,,,,1049.2320119
2026-07-29,05:45,dax,BUY,25297.6,25385.6,88,0.37,35.2,TRUE,685.930000000001,,1.30146,1.626825,0.01626825,0.325365,0.24402375,,,1.431606,,,1050.6636179
2026-07-29,07:25,nikkei,SELL,62202.3,62280.8,-78.5,0.15,-11.78,FALSE,674.150000000001,,1.30146,1.626825,0.01626825,0.325365,0.24402375,,,,,-19.155864375,1031.507753525
2026-07-29,09:15,dax,BUY,25425.8,25374.6,-51.2,0.37,-18.94,FALSE,655.210000000001,,1.30146,1.626825,0.01626825,0.325365,0.24402375,,,-0.832934400000001,,,1030.674819125
2026-07-29,11:00,cac,BUY,8403,8410.8,7.8,1,7.8,TRUE,663.010000000001,,1.30146,1.626825,0.01626825,0.325365,0.24402375,,12.689235,,,,1043.364054125
2026-07-29,12:15,cac,BUY,8418.9,8382.5,-36.4,1,-36.4,FALSE,626.610000000001,,1.30146,1.626825,0.01626825,0.325365,0.24402375,,-59.2164300000001,,,,984.147624125
2026-07-29,14:40,dax,BUY,25508.6,25440,-68.6,0.37,-25.38,FALSE,601.230000000001,,1.30146,1.626825,0.01626825,0.325365,0.24402375,,,-1.11600195,,,983.031622175
2026-07-29,18:10,ftse,BUY,10882.9,10885.1,2.2,0.8,1.76,TRUE,602.990000000001,,1.30146,1.626825,0.01626825,0.325365,0.24402375,2.863212,,,,,985.894834175
2026-07-29,20:55,ftse,BUY,10824.4,10824.1,-0.3,0.8,-0.24,FALSE,602.750000000001,,1.30146,1.626825,0.01626825,0.325365,0.24402375,-0.390438,,,,,985.504396175
2026-07-30,06:10,hangseng,BUY,25729,25799.8,70.8,0.2,14.16,TRUE,616.910000000001,616.910000000001,1.23382,1.542275,0.01542275,0.308455,0.23134125,,,,21.838614,,1007.343010175
2026-07-30,06:35,ftse,BUY,10814,10844.4,30.4,0.8,26.75,TRUE,643.660000000001,,1.23382,1.542275,0.01542275,0.308455,0.23134125,37.508128,,,,,1044.851138175
2026-07-30,07:35,dax,BUY,25356.6,25331.4,-25.2,0.37,-10.08,FALSE,633.580000000001,,1.23382,1.542275,0.01542275,0.308455,0.23134125,,,-0.3886533,,,1044.462484875
2026-07-30,08:35,dax,BUY,25360.8,25426.3,65.5,0.37,26.2,TRUE,659.780000000001,,1.23382,1.542275,0.01542275,0.308455,0.23134125,,,1.010190125,,,1045.472675
2026-07-31,07:45,cac,BUY,8497.4,8567.4,70,1,77,TRUE,736.780000000001,736.780000000001,1.47356,1.84195,0.0184195,0.36839,0.2762925,,128.9365,,,,1174.409175
2026-07-31,11:00,ftse,BUY,10956.2,10934.8,-21.4,0.8,-17.12,FALSE,719.660000000001,,1.47356,1.84195,0.0184195,0.36839,0.2762925,-31.534184,,,,,1142.874991
2026-07-31,13:05,ftse,BUY,10932.8,10903,-29.8,0.8,-23.84,FALSE,695.820000000001,,1.47356,1.84195,0.0184195,0.36839,0.2762925,-43.912088,,,,,1098.962903
2026-07-31,13:45,dax,BUY,25641.4,25588,-53.4,0.37,-19.76,FALSE,676.060000000001,,1.47356,1.84195,0.0184195,0.36839,0.2762925,,,-0.983601300000001,,,1097.9793017
2026-07-31,15:15,dax,BUY,25590.1,25675.8,85.7,0.37,31.71,TRUE,707.770000000001,,1.47356,1.84195,0.0184195,0.36839,0.2762925,,,1.57855115,,,1099.55785285
2026-07-31,16:25,ftse,BUY,10877.7,10878.4,0.7,0.8,0.56,TRUE,708.330000000001,,1.47356,1.84195,0.0184195,0.36839,0.2762925,1.031492,,,,,1100.58934485
2026-08-03,07:25,nikkei,SELL,63652.2,63621.5,30.7,0.15,4.6,TRUE,712.930000000001,712.930000000001,1.42586,1.782325,0.01782325,0.356465,0.26734875,,,,,8.20760662500001,1108.796951475
2026-08-03,10:45,ftse,BUY,10869.5,10862,-7.5,0.8,-6.6,FALSE,706.330000000001,,1.42586,1.782325,0.01782325,0.356465,0.26734875,-10.69395,,,,,1098.103001475
2026-08-03,15:50,ftse,BUY,10861.2,10863.6,2.4,0.8,2.11,TRUE,708.440000000001,,1.42586,1.782325,0.01782325,0.356465,0.26734875,3.422064,,,,,1101.525065475
2026-08-04,07:20,hangseng,BUY,25811.4,25847,35.6,0.2,7.12,TRUE,715.560000000001,715.560000000001,1.43112,1.7889,0.017889,0.35778,0.268335,,,,12.736968,,1114.262033475
2026-08-04,11:05,cac,BUY,8612.6,8622.5,9.9,1,9.9,TRUE,725.460000000001,,1.43112,1.7889,0.017889,0.35778,0.268335,,17.71011,,,,1131.972143475
2026-08-04,16:25,ftse,BUY,10890.2,10906,15.8,0.8,12.64,TRUE,738.100000000001,,1.43112,1.7889,0.017889,0.35778,0.268335,22.611696,,,,,1154.583839475
2026-08-05,06:15,dax,BUY,26376,26394,18,0.37,7.2,TRUE,745.300000000001,745.300000000001,1.4906,1.86325,0.0186325,0.37265,0.2794875,,,0.335385,,,1154.919224475
2026-08-05,09:40,cac,BUY,8694.4,8665.1,-29.3,1,-32.23,FALSE,713.070000000001,,1.4906,1.86325,0.0186325,0.37265,0.2794875,,-54.5932250000001,,,,1100.325999475
2026-08-05,11:35,dax,BUY,26214.8,26220.3,5.5,0.37,2.04,TRUE,715.110000000001,,1.4906,1.86325,0.0186325,0.37265,0.2794875,,,0.10247875,,,1100.428478225
2026-08-05,12:55,ftse,BUY,10855.9,10941.8,85.9,0.8,68.72,TRUE,783.830000000001,,1.4906,1.86325,0.0186325,0.37265,0.2794875,128.04254,,,,,1228.471018225
2026-08-05,14:40,dax,BUY,26262.8,26197.7,-65.1,0.37,-24.09,FALSE,759.740000000001,,1.4906,1.86325,0.0186325,0.37265,0.2794875,,,-1.21297575,,,1227.258042475
2026-08-05,15:55,cac,BUY,8668.5,8667.6,-0.9,1,-0.9,FALSE,758.840000000001,,1.4906,1.86325,0.0186325,0.37265,0.2794875,,-1.676925,,,,1225.581117475
2026-08-05,20:55,ftse,BUY,10878.1,10874.4,-3.7,0.8,-2.96,FALSE,755.880000000001,,1.4906,1.86325,0.0186325,0.37265,0.2794875,-5.51522000000001,,,,,1220.065897475
2026-08-06,06:10,hangseng,BUY,25446.6,25453,6.4,0.2,1.28,TRUE,757.160000000001,757.160000000001,1.51432,1.8929,0.018929,0.37858,0.283935,,,,2.422912,,1222.488809475
2026-08-06,06:30,nikkei,BUY,65668.2,65568.8,-99.4,0.15,-14.91,FALSE,742.250000000001,,1.51432,1.8929,0.018929,0.37858,0.283935,,,,,-28.223139,1194.265670475
2026-08-06,07:00,dax,BUY,26201.8,26123,-78.8,0.37,-31.52,FALSE,710.730000000001,,1.51432,1.8929,0.018929,0.37858,0.283935,,,-1.4916052,,,1192.774065275
2026-08-06,07:20,dax,BUY,26136.4,26176.9,40.5,0.37,16.2,TRUE,726.930000000001,,1.51432,1.8929,0.018929,0.37858,0.283935,,,0.766624500000001,,,1193.540689775
2026-08-06,07:30,hangseng,BUY,25444.8,25477.5,32.7,0.2,6.54,TRUE,733.470000000001,,1.51432,1.8929,0.018929,0.37858,0.283935,,,,12.379566,,1205.920255775
2026-08-06,09:05,dax,BUY,26144.3,26170,25.7,0.37,9.51,TRUE,742.980000000001,,1.51432,1.8929,0.018929,0.37858,0.283935,,,0.4864753,,,1206.406731075
2026-08-06,16:25,ftse,BUY,10875.2,10864.9,-10.3,0.8,-8.24,FALSE,734.740000000001,,1.51432,1.8929,0.018929,0.37858,0.283935,-15.597496,,,,,1190.809235075
2026-08-06,20:55,ftse,BUY,10863.2,10855,-8.2,0.8,-6.56,FALSE,728.180000000001,,1.51432,1.8929,0.018929,0.37858,0.283935,-12.417424,,,,,1178.391811075
2026-08-10,07:10,ftse,BUY,10864.8,10888.8,24,0.8,21.12,TRUE,749.300000000001,749.300000000001,1.4986,1.87325,0.0187325,0.37465,0.2809875,35.9664,,,,,1214.358211075
2026-08-10,07:35,dax,BUY,26331.7,26347.4,15.7,0.37,6.28,TRUE,755.580000000001,,1.4986,1.87325,0.0187325,0.37465,0.2809875,,,0.29410025,,,1214.652311325
2026-08-10,10:40,cac,BUY,8705.5,8716.7,11.2,1,12.32,TRUE,767.900000000001,,1.4986,1.87325,0.0187325,0.37465,0.2809875,,20.9804,,,,1235.632711325
2026-08-10,12:05,ftse,BUY,10871.7,10875.7,4,0.8,3.2,TRUE,771.100000000001,,1.4986,1.87325,0.0187325,0.37465,0.2809875,5.99440000000001,,,,,1241.627111325
2026-08-10,13:35,dax,BUY,26376.6,26345.1,-31.5,0.37,-11.65,FALSE,759.450000000001,,1.4986,1.87325,0.0187325,0.37465,0.2809875,,,-0.590073750000001,,,1241.037037575
2026-08-10,14:35,dax,BUY,26340.1,26348.9,8.8,0.37,3.26,TRUE,762.710000000001,,1.4986,1.87325,0.0187325,0.37465,0.2809875,,,0.164846,,,1241.201883575
2026-08-10,15:30,ftse,BUY,10853.2,10860.1,6.9,0.8,5.52,TRUE,768.230000000001,,1.4986,1.87325,0.0187325,0.37465,0.2809875,10.34034,,,,,1251.542223575
2026-08-11,06:30,hangseng,BUY,25742.6,25641.8,-100.8,0.2,-20.16,FALSE,748.070000000001,748.070000000001,1.49614,1.870175,0.01870175,0.374035,0.28052625,,,,-37.702728,,1213.839495575
2026-08-11,07:55,hangseng,BUY,25660.9,25646,-14.9,0.2,-2.98,FALSE,745.090000000001,,1.49614,1.870175,0.01870175,0.374035,0.28052625,,,,-5.57312150000001,,1208.266374075
2026-08-11,09:05,cac,BUY,8728.8,8698.5,-30.3,1,-33.33,FALSE,711.760000000001,,1.49614,1.870175,0.01870175,0.374035,0.28052625,,-56.6663025000001,,,,1151.600071575
2026-08-11,10:40,cac,BUY,8702.1,8711.1,9,1,9,TRUE,720.760000000001,,1.49614,1.870175,0.01870175,0.374035,0.28052625,,16.831575,,,,1168.431646575
2026-08-11,13:35,ftse,BUY,10874.7,10880.9,6.2,0.8,4.96,TRUE,725.720000000001,,1.49614,1.870175,0.01870175,0.374035,0.28052625,9.27606800000001,,,,,1177.707714575
2026-08-11,16:25,ftse,BUY,10861.4,10845.1,-16.3,0.8,-13.04,FALSE,712.680000000001,,1.49614,1.870175,0.01870175,0.374035,0.28052625,-24.387082,,,,,1153.320632575
2026-08-11,20:55,cac,BUY,8711.1,8711,-0.1,1,-0.1,FALSE,712.580000000001,,1.49614,1.870175,0.01870175,0.374035,0.28052625,,-0.1870175,,,,1153.133615075
2026-08-12,09:35,cac,BUY,8692.2,8705.2,13,1,13,TRUE,725.580000000001,725.580000000001,1.45116,1.81395,0.0181395,0.36279,0.2720925,,23.58135,,,,1176.714965075
2026-08-12,14:30,cac,BUY,8688,8665,-23,1,-25.3,FALSE,700.280000000001,,1.45116,1.81395,0.0181395,0.36279,0.2720925,,-41.72085,,,,1134.994115075
2026-08-12,16:10,cac,BUY,8667.9,8674.5,6.6,1,6.6,TRUE,706.880000000001,,1.45116,1.81395,0.0181395,0.36279,0.2720925,,11.97207,,,,1146.966185075
2026-08-12,18:25,dax,BUY,26331.5,26338.5,7,0.37,2.59,TRUE,709.470000000001,,1.45116,1.81395,0.0181395,0.36279,0.2720925,,,0.1269765,,,1147.093161575
2026-08-13,15:05,cac,BUY,8686.7,8658,-28.7,1,-31.57,FALSE,677.900000000001,677.900000000001,1.3558,1.69475,0.0169475,0.33895,0.2542125,,-48.6393250000001,,,,1098.453836575
2026-08-13,16:00,ftse,BUY,10768.1,10778.5,10.4,0.8,8.32,TRUE,686.220000000001,,1.3558,1.69475,0.0169475,0.33895,0.2542125,14.10032,,,,,1112.554156575
2026-08-13,16:25,dax,BUY,26326.5,26334,7.5,0.37,2.77,TRUE,688.990000000001,,1.3558,1.69475,0.0169475,0.33895,0.2542125,,,0.12710625,,,1112.681262825
2026-08-14,06:00,nikkei,BUY,68560,68675.8,115.8,0.15,17.37,TRUE,706.360000000001,706.360000000001,1.41272,1.7659,0.017659,0.35318,0.264885,,,,,30.673683,1143.354945825
2026-08-18,04:20,nikkei,BUY,67933.4,67761.8,-171.6,0.15,-25.74,FALSE,680.620000000001,680.620000000001,1.36124,1.70155,0.0170155,0.34031,0.2552325,,,,,-43.797897,1099.557048825
2026-08-18,07:25,nikkei,BUY,67558,67605.7,47.7,0.15,7.15,TRUE,687.770000000001,,1.36124,1.70155,0.0170155,0.34031,0.2552325,,,,,12.17459025,1111.731639075
