open_date,open_time,close_date,close_time,market,direction,entry,exit,points,size,gbp
2026-06-02,07:55,2026-06-02,14:10,ftse,SELL,10368.3,10349.9,18.4,0.88,16.19
2026-06-02,15:05,2026-06-02,16:25,dax,BUY,25095.7,25112.6,16.9,0.37,6.25
2026-06-03,08:40,2026-06-03,09:55,cac,BUY,8167.6,8182.0,14.4,1.0,14.4
2026-06-03,10:10,2026-06-03,10:30,dax,BUY,24936.4,24874.8,-61.6,0.37,-22.79
2026-06-03,11:10,2026-06-03,13:05,dax,BUY,24894.6,24917.4,22.8,0.37,8.44
2026-06-03,15:50,2026-06-03,16:25,cac,BUY,8170.6,8160.8,-9.8,1.0,-9.8
2026-06-05,11:15,2026-06-05,16:25,ftse,SELL,10392.2,10375.9,16.3,0.8,13.04
2026-06-05,16:55,2026-06-05,17:45,dax,BUY,24768.7,24692.7,-76.0,0.37,-28.12
2026-06-05,17:55,2026-06-05,19:20,dax,BUY,24720.7,24654.7,-66.0,0.37,-24.42
2026-06-05,20:30,2026-06-05,20:55,dax,BUY,24554.4,24593.1,38.7,0.37,14.32
2026-06-09,06:00,2026-06-09,09:10,dax,SELL,24615.9,24690.3,-74.4,0.4,-29.76
2026-06-09,11:20,2026-06-09,15:35,dax,SELL,24797.8,24712.6,85.2,0.37,31.52
2026-06-10,05:50,2026-06-10,07:25,cac,BUY,8201.0,8221.5,20.5,1.1,22.55
2026-06-11,09:05,2026-06-11,11:15,dax,SELL,24202.2,24280.0,-77.8,0.37,-28.79
2026-06-12,18:35,2026-06-12,20:55,dax,SELL,24626.7,24664.2,-37.5,0.37,-13.88
2026-06-15,14:30,2026-06-15,14:50,ftse,BUY,10472.2,10435.9,-36.3,0.8,-29.04
2026-06-15,16:35,2026-06-15,20:55,ftse,BUY,10428.4,10410.4,-18.0,0.8,-14.4
2026-06-16,07:00,2026-06-16,07:45,ftse,BUY,10426.9,10436.5,9.6,0.88,8.45
2026-06-16,17:35,2026-06-16,20:10,dax,BUY,24839.7,24776.7,-63.0,0.37,-23.31
2026-06-16,20:35,2026-06-16,20:55,dax,BUY,24790.7,24772.6,-18.1,0.37,-6.7
2026-06-17,06:55,2026-06-17,11:00,dax,SELL,24842.5,24916.5,-74.0,0.4,-29.6
2026-06-17,15:50,2026-06-17,16:25,cac,BUY,8425.2,8434.9,9.7,1.0,9.7
2026-06-18,08:20,2026-06-18,09:20,ftse,BUY,10449.0,10417.3,-31.7,0.8,-25.36
2026-06-18,09:55,2026-06-18,13:35,ftse,BUY,10401.4,10406.3,4.9,0.8,3.92
2026-06-19,14:20,2026-06-19,16:25,cac,BUY,8449.5,8429.1,-20.4,1.0,-20.4
2026-06-19,16:55,2026-06-19,20:55,cac,BUY,8431.8,8419.2,-12.6,1.0,-12.6
2026-06-22,13:40,2026-06-22,16:25,ftse,SELL,10412.9,10439.0,-26.1,0.8,-20.88
2026-06-23,06:00,2026-06-23,07:30,dax,BUY,24916.9,24847.9,-69.0,0.4,-27.6
2026-06-23,07:35,2026-06-23,08:20,dax,BUY,24874.4,24821.7,-52.7,0.4,-21.08
2026-06-23,08:25,2026-06-23,11:40,cac,BUY,8325.4,8335.6,10.2,1.0,10.2
2026-06-24,05:35,2026-06-24,06:40,cac,BUY,8338.2,8356.0,17.8,1.1,19.58
2026-06-24,09:55,2026-06-24,10:45,dax,BUY,24712.4,24646.5,-65.9,0.37,-24.38
2026-06-24,11:20,2026-06-24,14:25,dax,BUY,24663.9,24604.2,-59.7,0.37,-22.09
2026-06-24,19:25,2026-06-24,20:00,ftse,BUY,10437.0,10436.8,-0.2,0.8,-0.16
2026-06-24,20:05,2026-06-24,20:55,ftse,BUY,10436.8,10446.7,9.9,0.8,7.92
2026-06-25,06:00,2026-06-25,06:50,ftse,BUY,10428.2,10429.8,1.6,0.88,1.41
2026-06-25,07:40,2026-06-25,08:50,ftse,BUY,10425.9,10467.6,41.7,0.88,36.7
2026-06-25,10:20,2026-06-25,13:35,dax,SELL,24886.4,24982.7,-96.3,0.37,-35.63
2026-06-26,06:10,2026-06-26,08:05,cac,BUY,8369.1,8410.0,40.9,1.1,44.99
2026-06-26,10:15,2026-06-26,13:05,dax,BUY,24724.0,24663.3,-60.7,0.37,-22.46
2026-06-26,13:10,2026-06-26,15:30,cac,BUY,8361.3,8369.2,7.9,1.0,7.9
2026-06-26,18:05,2026-06-26,20:55,dax,BUY,24666.2,24638.7,-27.5,0.37,-10.18
2026-06-30,09:55,2026-06-30,11:25,cac,BUY,8382.4,8412.5,30.1,1.0,30.1
2026-06-30,15:30,2026-06-30,16:25,cac,BUY,8374.3,8407.4,33.1,1.0,33.1
2026-06-30,16:30,2026-06-30,19:30,ftse,BUY,10502.9,10506.0,3.1,0.8,2.48
2026-07-01,07:35,2026-07-01,08:10,ftse,BUY,10486.7,10455.3,-31.4,0.88,-27.63
2026-07-01,08:45,2026-07-01,09:50,cac,BUY,8361.1,8375.5,14.4,1.0,14.4
2026-07-01,12:05,2026-07-01,15:05,ftse,BUY,10456.5,10451.6,-4.9,0.88,-4.31
2026-07-02,08:05,2026-07-02,09:45,ftse,BUY,10467.1,10523.9,56.8,0.8,45.44
2026-07-03,09:35,2026-07-03,12:05,cac,BUY,8471.8,8475.5,3.7,1.0,3.7
2026-07-03,12:35,2026-07-03,13:20,ftse,BUY,10614.1,10634.9,20.8,0.88,18.3
2026-07-06,07:00,2026-07-06,09:15,dax,BUY,25800.8,25851.0,50.2,0.4,20.08
2026-07-06,12:35,2026-07-06,14:10,dax,BUY,25775.9,25712.7,-63.2,0.4,-25.28
2026-07-06,14:25,2026-07-06,15:35,dax,BUY,25722.9,25779.9,57.0,0.37,21.09
2026-07-06,15:40,2026-07-06,16:25,cac,BUY,8473.2,8468.7,-4.5,1.0,-4.5
2026-07-07,06:50,2026-07-07,07:50,dax,BUY,25760.2,25767.3,7.1,0.4,2.84
2026-07-07,10:20,2026-07-07,11:30,dax,BUY,25727.6,25667.0,-60.6,0.37,-22.42
2026-07-07,12:05,2026-07-07,14:50,dax,BUY,25668.1,25591.8,-76.3,0.4,-30.52
2026-07-07,16:55,2026-07-07,20:55,cac,BUY,8436.7,8418.0,-18.7,1.0,-18.7
2026-07-08,07:05,2026-07-08,08:05,cac,BUY,8397.2,8361.1,-36.1,1.1,-39.71
2026-07-08,08:20,2026-07-08,09:20,ftse,BUY,10585.7,10536.7,-49.0,0.8,-39.2
2026-07-08,10:05,2026-07-08,13:25,ftse,BUY,10503.6,10553.7,50.1,0.8,40.08
2026-07-08,16:35,2026-07-08,18:05,ftse,BUY,10480.0,10488.1,8.1,0.8,6.48
2026-07-09,10:25,2026-07-09,11:55,dax,BUY,24954.9,24881.7,-73.2,0.37,-27.08
2026-07-09,12:05,2026-07-09,13:50,dax,BUY,24924.4,24992.4,68.0,0.4,27.2
2026-07-09,15:45,2026-07-09,16:25,cac,SELL,8304.6,8321.7,-17.1,1.0,-17.1
2026-07-10,07:00,2026-07-10,07:50,dax,BUY,25083.9,25113.4,29.5,0.4,11.8
2026-07-10,16:40,2026-07-10,18:55,dax,BUY,25056.0,25112.4,56.4,0.37,20.87
2026-07-13,10:00,2026-07-13,12:55,cac,SELL,8334.01,8348.06,-14.0,1.0,-14.05
2026-07-13,20:50,2026-07-13,20:55,dax,BUY,24973.8,24975.1,1.3,0.37,0.48
2026-07-14,06:30,2026-07-14,07:05,ftse,SELL,10490.2,10489.1,1.1,0.88,0.97
2026-07-14,07:40,2026-07-14,08:00,dax,SELL,24937.5,24976.2,-38.7,0.4,-15.48
2026-07-14,10:35,2026-07-14,11:20,dax,SELL,24986.7,24940.9,45.8,0.37,16.95
2026-07-14,15:30,2026-07-14,16:05,ftse,SELL,10521.0,10506.8,14.2,0.8,11.36
2026-07-15,03:10,2026-07-15,06:50,ftse,SELL,10492.3,10475.5,16.8,0.88,14.78
2026-07-15,10:00,2026-07-15,11:10,dax,BUY,24975.6,24934.1,-41.5,0.37,-15.36
2026-07-15,11:30,2026-07-15,12:25,ftse,BUY,10505.4,10518.3,12.9,0.8,10.32
2026-07-15,13:55,2026-07-15,14:35,dax,BUY,25015.1,25024.8,9.7,0.37,3.59
2026-07-15,19:35,2026-07-15,20:55,ftse,BUY,10491.7,10484.5,-7.2,0.8,-5.76
2026-07-16,03:20,2026-07-16,05:10,ftse,SELL,10481.0,10483.1,-2.1,0.88,-1.85
2026-07-16,05:30,2026-07-16,06:45,dax,SELL,25026.3,25006.4,19.9,0.4,7.96
2026-07-16,07:05,2026-07-16,07:40,dax,SELL,24997.5,24893.8,103.7,0.4,41.48
2026-07-17,16:20,2026-07-17,16:25,dax,SELL,24818.2,24828.7,-10.5,0.37,-3.88
2026-07-17,17:00,2026-07-17,19:35,cac,SELL,8351.3,8329.0,22.3,1.0,22.3
2026-07-20,04:55,2026-07-20,06:00,dax,SELL,24841.1,24772.3,68.8,0.4,27.52
2026-07-20,07:20,2026-07-20,07:50,ftse,BUY,10535.1,10554.9,19.8,0.88,17.42
2026-07-20,19:55,2026-07-20,20:55,ftse,BUY,10461.4,10461.8,0.4,0.8,0.32
2026-07-21,04:00,2026-07-21,05:25,dax,SELL,24816.8,24823.6,-6.8,0.4,-2.72
2026-07-21,05:30,2026-07-21,07:00,dax,SELL,24829.1,24897.1,-68.0,0.4,-27.2
2026-07-21,07:30,2026-07-21,08:15,dax,SELL,24866.6,24879.7,-13.1,0.4,-5.24
2026-07-21,08:25,2026-07-21,12:30,cac,SELL,8341.1,8341.4,-0.3,1.0,-0.3
2026-07-21,14:35,2026-07-21,15:50,ftse,SELL,10559.3,10595.8,-36.5,0.8,-29.2
2026-07-22,03:05,2026-07-22,06:00,dax,SELL,25059.8,25062.9,-3.1,0.4,-1.24
2026-07-22,06:25,2026-07-22,07:00,ftse,BUY,10602.6,10576.3,-26.3,0.88,-23.14
2026-07-23,05:25,2026-07-23,07:05,ftse,BUY,10717.8,10675.8,-42.0,0.88,-36.96
2026-07-23,07:15,2026-07-23,08:10,ftse,BUY,10682.0,10707.2,25.2,0.88,22.18
2026-07-23,09:00,2026-07-23,09:35,ftse,BUY,10718.5,10696.3,-22.2,0.8,-17.76
2026-07-24,06:30,2026-07-24,07:45,ftse,BUY,10596.4,10667.8,71.4,0.88,62.83
2026-07-24,15:45,2026-07-24,16:25,cac,SELL,8375.2,8379.8,-4.6,1.0,-4.6
2026-07-24,16:35,2026-07-24,18:45,cac,SELL,8372.9,8355.4,17.5,1.0,17.5
2026-07-28,05:40,2026-07-28,06:55,cac,BUY,8394.2,8435.9,41.7,1.1,45.87
2026-07-28,08:00,2026-07-28,09:00,dax,BUY,25485.9,25483.3,-2.6,0.37,-0.96
2026-07-28,09:05,2026-07-28,09:40,dax,BUY,25498.2,25516.1,17.9,0.37,6.62
2026-07-28,10:50,2026-07-28,11:25,dax,BUY,25455.7,25384.8,-70.9,0.37,-26.23
2026-07-28,11:30,2026-07-28,14:40,cac,BUY,8413.1,8456.0,42.9,1.0,42.9
2026-07-29,03:05,2026-07-29,04:40,cac,BUY,8444.0,8413.4,-30.6,1.1,-33.66
2026-07-29,04:45,2026-07-29,05:45,dax,BUY,25297.6,25385.6,88.0,0.4,35.2
2026-07-29,08:30,2026-07-29,09:15,dax,BUY,25425.8,25374.6,-51.2,0.37,-18.94
2026-07-29,09:20,2026-07-29,11:00,cac,BUY,8403.0,8410.8,7.8,1.0,7.8
2026-07-29,11:05,2026-07-29,12:15,cac,BUY,8418.9,8382.5,-36.4,1.0,-36.4
2026-07-29,13:20,2026-07-29,14:40,dax,BUY,25508.6,25440.0,-68.6,0.37,-25.38
2026-07-29,16:55,2026-07-29,18:10,ftse,BUY,10882.9,10885.1,2.2,0.8,1.76
2026-07-29,20:10,2026-07-29,20:55,ftse,BUY,10824.4,10824.1,-0.3,0.8,-0.24
2026-07-30,04:25,2026-07-30,06:35,ftse,BUY,10814.0,10844.4,30.4,0.88,26.75
2026-07-30,06:55,2026-07-30,07:35,dax,BUY,25356.6,25331.4,-25.2,0.4,-10.08
2026-07-30,07:40,2026-07-30,08:35,dax,BUY,25360.8,25426.3,65.5,0.4,26.2
2026-07-31,06:45,2026-07-31,07:45,cac,BUY,8497.4,8567.4,70.0,1.1,77.0
2026-07-31,10:10,2026-07-31,11:00,ftse,BUY,10956.2,10934.8,-21.4,0.8,-17.12
2026-07-31,11:15,2026-07-31,13:05,ftse,BUY,10932.8,10903.0,-29.8,0.8,-23.84
2026-07-31,13:10,2026-07-31,13:45,dax,BUY,25641.4,25588.0,-53.4,0.37,-19.76
2026-07-31,14:15,2026-07-31,15:15,dax,BUY,25590.1,25675.8,85.7,0.37,31.71
2026-07-31,15:30,2026-07-31,16:25,ftse,BUY,10877.7,10878.4,0.7,0.8,0.56
2026-08-03,07:15,2026-08-03,10:45,ftse,BUY,10869.5,10862.0,-7.5,0.88,-6.6
2026-08-03,12:40,2026-08-03,15:50,ftse,BUY,10861.2,10863.6,2.4,0.88,2.11
2026-08-04,08:55,2026-08-04,11:05,cac,BUY,8612.6,8622.5,9.9,1.0,9.9
2026-08-04,15:35,2026-08-04,16:25,ftse,BUY,10890.2,10906.0,15.8,0.8,12.64
2026-08-05,05:30,2026-08-05,06:15,dax,BUY,26376.0,26394.0,18.0,0.4,7.2
2026-08-05,06:30,2026-08-05,09:40,cac,BUY,8694.4,8665.1,-29.3,1.1,-32.23
2026-08-05,09:50,2026-08-05,11:35,dax,BUY,26214.8,26220.3,5.5,0.37,2.04
2026-08-05,11:40,2026-08-05,12:55,ftse,BUY,10855.9,10941.8,85.9,0.8,68.72
2026-08-05,13:35,2026-08-05,14:40,dax,BUY,26262.8,26197.7,-65.1,0.37,-24.09
2026-08-05,14:50,2026-08-05,15:55,cac,BUY,8668.5,8667.6,-0.9,1.0,-0.9
2026-08-05,16:25,2026-08-05,20:55,ftse,BUY,10878.1,10874.4,-3.7,0.8,-2.96
2026-08-06,05:40,2026-08-06,07:00,dax,BUY,26201.8,26123.0,-78.8,0.4,-31.52
2026-08-06,07:05,2026-08-06,07:20,dax,BUY,26136.4,26176.9,40.5,0.4,16.2
2026-08-06,08:25,2026-08-06,09:05,dax,BUY,26144.3,26170.0,25.7,0.37,9.51
2026-08-06,14:00,2026-08-06,16:25,ftse,BUY,10875.2,10864.9,-10.3,0.8,-8.24
2026-08-06,16:30,2026-08-06,20:55,ftse,BUY,10863.2,10855.0,-8.2,0.8,-6.56
2026-08-10,06:40,2026-08-10,07:10,ftse,BUY,10864.8,10888.8,24.0,0.88,21.12
2026-08-10,07:15,2026-08-10,07:35,dax,BUY,26331.7,26347.4,15.7,0.4,6.28
2026-08-10,07:55,2026-08-10,10:40,cac,BUY,8705.5,8716.7,11.2,1.1,12.32
2026-08-10,11:05,2026-08-10,12:05,ftse,BUY,10871.7,10875.7,4.0,0.8,3.2
2026-08-10,13:00,2026-08-10,13:35,dax,BUY,26376.6,26345.1,-31.5,0.37,-11.65
2026-08-10,13:40,2026-08-10,14:35,dax,BUY,26340.1,26348.9,8.8,0.37,3.26
2026-08-10,14:40,2026-08-10,15:30,ftse,BUY,10853.2,10860.1,6.9,0.8,5.52
2026-08-11,06:00,2026-08-11,09:05,cac,BUY,8728.8,8698.5,-30.3,1.1,-33.33
2026-08-11,09:10,2026-08-11,10:40,cac,BUY,8702.1,8711.1,9.0,1.0,9.0
2026-08-11,13:30,2026-08-11,13:35,ftse,BUY,10874.7,10880.9,6.2,0.8,4.96
2026-08-11,15:00,2026-08-11,16:25,ftse,BUY,10861.4,10845.1,-16.3,0.8,-13.04
2026-08-11,17:40,2026-08-11,20:55,cac,BUY,8711.1,8711.0,-0.1,1.0,-0.1
2026-08-12,08:00,2026-08-12,09:35,cac,BUY,8692.2,8705.2,13.0,1.0,13.0
2026-08-12,12:55,2026-08-12,14:30,cac,BUY,8688.0,8665.0,-23.0,1.1,-25.3
2026-08-12,14:40,2026-08-12,16:10,cac,BUY,8667.9,8674.5,6.6,1.0,6.6
2026-08-12,16:35,2026-08-12,18:25,dax,BUY,26331.5,26338.5,7.0,0.37,2.59
2026-08-13,12:20,2026-08-13,15:05,cac,BUY,8686.7,8658.0,-28.7,1.1,-31.57
2026-08-13,15:30,2026-08-13,16:00,ftse,BUY,10768.1,10778.5,10.4,0.8,8.32
2026-08-13,16:05,2026-08-13,16:25,dax,BUY,26326.5,26334.0,7.5,0.37,2.77
2026-08-14,08:50,2026-08-14,10:15,cac,BUY,8644.3,8655.7,11.4,1.0,11.4
2026-08-14,12:10,2026-08-14,16:25,cac,BUY,8655.9,8636.2,-19.7,1.1,-21.67
2026-08-17,07:25,2026-08-17,07:40,ftse,SELL,10785.1,10782.0,3.1,0.88,2.73
2026-08-17,07:50,2026-08-17,08:10,ftse,SELL,10778.6,10774.0,4.6,0.88,4.05
2026-08-17,08:35,2026-08-17,11:00,cac,BUY,8629.4,8624.1,-5.3,1.0,-5.3
2026-08-17,11:20,2026-08-17,12:25,dax,BUY,26455.5,26405.4,-50.1,0.37,-18.54
2026-08-17,14:00,2026-08-17,16:25,cac,BUY,8594.4,8586.5,-7.9,1.0,-7.9
2026-08-17,17:40,2026-08-17,20:55,dax,BUY,26325.1,26296.9,-28.2,0.37,-10.43
2026-08-18,05:45,2026-08-18,07:00,dax,BUY,26254.6,26258.5,3.9,0.4,1.56
2026-08-18,07:30,2026-08-18,09:30,ftse,SELL,10732.3,10714.6,17.7,0.88,15.58
2026-08-18,14:30,2026-08-18,14:50,dax,BUY,26190.5,26133.7,-56.8,0.37,-21.02
2026-08-18,15:00,2026-08-18,16:25,dax,BUY,26148.3,26163.6,15.3,0.37,5.66
2026-08-19,04:55,2026-08-19,05:10,dax,BUY,26123.1,26121.1,-2.0,0.4,-0.8
2026-08-19,11:00,2026-08-19,12:50,dax,BUY,26115.4,26137.0,21.6,0.37,7.99
2026-08-19,13:25,2026-08-19,14:50,dax,BUY,26111.9,26126.0,14.1,0.37,5.22
